permitnumber,permittype,permitdescription,typeofwork,approvedscopeofwork,status,commercialorresidential,address,zip,council_district,contractorname,contractoraddress1,contractorcity,contractorstate,contractorzip,opa_owner,permitissuedate,matched_trades
ZP-2026-009524,Zoning,Zoning Permit,Change of Use,Child Care - Child Care Center,Issued,Commercial,4087 1/2 LANCASTER AVE,19104-1747,3,,,,,,JN REALTY CORP INC,2026-09-24T18:46:36Z,commercial_fitout
ZP-2026-009660,Zoning,Zoning Permit,Change of Use,Limited Lodging,Issued,Residential,742 RODMAN ST,19147-1324,1,,,,,,TUPCHONG LESLIE,2026-09-24T18:34:17Z,commercial_fitout
ZP-2026-009521,Zoning,Zoning Permit,Change of Use,Residential - Household Living - Two-Family,Issued,Residential,875 N 47TH ST,19139-1850,3,MWMT Co.,"MWMT Co.
7201 Frankford Avenue
1060
Philadelphia, PA  19135
USA",,,,WHITFIELD WAYNE ARNOLD,2026-09-24T18:23:00Z,commercial_fitout
ZP-2026-009428,Zoning,Zoning Permit,Change of Use,Limited Lodging,Issued,Residential,204 S DELHI ST,19107-6305,1,,,,,,239-41 S 10TH ST LLC,2026-09-24T18:02:30Z,commercial_fitout
ZP-2026-009647,Zoning,Zoning Permit,Change of Use,Residential - Household Living - Two-Family,Issued,Residential,4422 LARCHWOOD AVE,19104-3916,3,FAB RENOVATIONS,"FAB RENOVATIONS
5441 SPRINGFIELD AVE
Philadelphia, PA  19143
USA",,,,"HIGGINS PADHRAIG, WATERMAN CARRIE",2026-09-24T14:19:39Z,commercial_fitout
ZP-2026-009431,Zoning,Zoning Permit,Change of Use,Residential - Household Living - Two-Family,Issued,Residential,281 COBBS CREEK PKWY,19139,3,,,,,,FUNCHES JOANNE,2026-09-24T12:17:48Z,commercial_fitout
ZP-2026-009483,Zoning,Zoning Permit,Change of Use,"Retail Sales - Consumer Goods; Retail Sales - Food, Beverages, and Groceries",Issued,Commercial,17-19 N 2ND ST,19106-2214,1,,,,,,F & F REAL ESTATE PARTNER NO1 LP,2026-09-24T10:15:49Z,commercial_fitout
CP-2026-005081,Building,Commercial Building Permit,Addition and/or Alteration,"FOR LEVEL II INTERIOR ALTERATIONS WITHOUT A CHANGE TO EXISTING GROUP B FINANCIAL SERVICES USE & OCCUPANCY AT THE 1ST FLOOR. EXISTING BUILDING IS FULLY SPRINKLERED. ALL WORK TO BE DONE PER APPROVED PLANS AND IN ACCORDANCE WITH 2021 IEBC. SEPARATE PERMITS REQUIRED FOR MECHANICAL, ELECTRICAL, PLUMBING, AND FIRE SUPPRESSION WORK.",Issued,Commercial,1500S-40 JOHN F KENNEDY BLVD,19102-1710,5,VERICON CONSTRUCTION CO LLC,"VERICON CONSTRUCTION CO LLC
1063 ROUTE 22 EAST
MOUNTAINSIDE, NJ  07092
USA",,,,"CITY OF PHILA, DEPT OF PUBLIC PROP",2026-09-24T04:00:00Z,commercial_fitout
CP-2026-004381,Building,Commercial Building Permit,Commercial Make Safe Permit,MAKE SAFE PERMIT TO COMPLY WITH CF-2026-032711 TO INCLUDE PARTIAL DEMOLITION AND REPAIRS/REPLACEMENT OF EXTERIOR WALLS AND FRAMING PER APPROVED PLANS AND IN ACCORDANCE WITH CODE BULLETIN PM-1801.  LICENSED PA PROFESSIONAL ENGINEER IS REQUIRED TO MONITOR REPAIRS MADE UNDER THIS PERMIT.  THE ENGINEER MUST SUBMIT A SEALED STATEMENT TO THE DEPARTMENT CONFIRMING THAT THE STRUCTURE IS IN SOUND CONDITION AT COMPLETION.  SEPARATE PERMITS REQUIRED FOR ADDITIONAL ALTERATIONS NOT ADDRESSED IN APPROVED PLANS. ,Issued,Commercial,2945-47 N 5TH ST,19133-2802,7,Sister Brown Contracting LLC,"Sister Brown Contracting LLC
5937 Lawndale St
Philadelphia, PA  19120
USA",,,,VALLE EVELY DEL,2026-09-24T04:00:00Z,demolition;commercial_fitout
PP-2026-012047,Plumbing,Plumbing Permit,Alterations,"ALTERATIONS TO 2ND FLOOR OF EXISTING COMMERCIAL BUILDING. INTERIOR INSTALLATION OF DRAINAGE, WASTE, VENT, AND WATER SUPPLY FOR LISTED FIXTURES. ALL MATERIALS SHALL BE METALLIC TO ROOF EXTENSION. VENTING TO BE DESIGNED AND INSTALLED IN ACCORDANCE WITH SECTION 919 PHILADELPHIA SINGLE STACK VENT SYSTEM. ALL WORK TO BE INSTALLED IN STRICT COMPLIANCE WITH 2021 PPC AND APPROVED PLANS",Issued,Commercial,2400-14 KENSINGTON AVE,19125-1223,7,EXCEL PLUMBING HEATING & AC INC,"EXCEL PLUMBING HEATING & AC INC
4923 NATIONAL ST
PHILADELPHIA, PA  19135
USA",,,,BANTON ENTERPRISES LLC,2026-09-24T04:00:00Z,roofing;commercial_fitout
CP-2026-004318,Building,Commercial Building Permit,Addition and/or Alteration,"FOR LEVEL II INTERIOR ALTERATIONS (STARBUCKS TENANT FIT-OUT) AT KIOSK / SPACE B1452 WITHOUT A CHANGE IN USE OR OCCUPANCY CLASSIFICATION. EXISTING BUILDING IS FULLY SPRINKLERED. ALL WORK TO BE DONE PER APPROVED PLANS AND IN ACCORDANCE WITH 2021 IEBC AND PHC APPROVAL. SEPARATE PERMITS REQUIRED FOR MECHANICAL, ELECTRICAL, PLUMBING, AND FIRE SUPPRESSION WORK.",Issued,Commercial,1 N 30TH ST,19104,3,INTECH CONSTRUCTION LLC,"INTECH CONSTRUCTION LLC
3020 MARKET ST
6TH FLR
PHILADELPHIA, PA  19104
USA",,,,AMTRAK,2026-09-24T04:00:00Z,commercial_fitout
EP-2026-008684,Electrical,Electrical Permit,Addition and/or Alteration,"Replace existing fire alarm devices as part of a commercial office tenant fit-out. Provide all associated fire alarm wiring, connections and modules.

All work shall be performed in accordance with 2016 NFPA 72, the 2017 NEC and per approved plans.",Issued,Commercial,2000-24 MARKET ST,19103-3304,5,SHORELINE ELECTRIC INC,"SHORELINE ELECTRIC INC
90 JANSEN AVE
ESSINGTON, PA  19029
USA",,,,2000 MARKET LLC,2026-09-24T04:00:00Z,commercial_fitout
CP-2026-005004,Building,Commercial Building Permit,Addition and/or Alteration,FOR  STRUCTURAL REPAIRS TO AN EXISTING STRUCTURE.  ALL WORK TO BE DONE PER APPROVED PLANS.** IF FIELD CONDITIONS VARY CONTACT DESIGN ENGINEER PRIOR TO THE START OF ANY WORK**IEBC 2021** SEPARATE PERMITS REQUIRED FOR ALL OTHER WORK**,Issued,Commercial,306-20 N BROAD ST,19102-1110,5,WATTS RESTORATION CO INC,"WATTS RESTORATION CO INC
1704 Bustleton Pike
Feasterville, PA  19053
USA",,,,PHILADELPHIA PARKING AUTHORITY,2026-09-24T04:00:00Z,commercial_fitout
CP-2026-002309,Building,Commercial Building Permit,Addition and/or Alteration,"FOR LEVEL II INTERIOR ALTERATIONS TO TWO (2) DWELLING UNITS AT THE 3RD AND 4TH FLOORS WITH ADDITIONAL LIMITED STRUCTURAL WORK AT THE 1ST AND 2ND FLOORS WITHOUT A CHANGE TO EXISTING GROUP R-2 MULTI-FAMILY USE AND OCCUPANCY CLASSIFICATION. BUILDING IS NOT SPRINKLERED. ALL WORK TO BE DONE PER APPROVED PLANS AND IN ACCORDANCE WITH 2018 IEBC AND PHC APPROVAL. SEPARATE PERMITS REQUIRED FOR MECHANICAL, ELECTRICAL, AND PLUMBING WORK.
**PHC APPROVAL CONDITION: No exterior work to facades along Spruce St and S. 10th St. permitted as part of this permit.**",Issued,Commercial,1000 SPRUCE ST,19107-6009,1,Datsun LLC,"Datsun LLC
822 Pine Street
Philadelphia, PA  19107
USA",,,,1000 SPRUCE STREET LLC,2026-09-24T04:00:00Z,commercial_fitout
DP-2026-000932,Demolition,Demolition Permit,Minor Demolition,"COMPLETE DEMOLITION OF AN EXISTING SEMI-DETACHED (PARKING LOT ON ONE SIDE) THREE-STORY, MASONRY AND WOOD COMMERCIAL BUILDING BY HAND METHODS. ALL PERMITTED DEMOLITION ACTIVITY TO BE IN ACCORDANCE WITH APPROVED SITE SAFETY DEMOLITION PLAN & SUCH PLAN TO BE MAINTAINED ON SITE AT ALL TIMES IN ACCORDANCE WITH PHILADELPHIA ADMINISTRATIVE CODE. COMPLETE SIDEWALK CLOSURE REQUIRED IN ACCORDANCE WITH SECTION 3306 OF THE IBC. SEPARATE STREET CLOSURE PERMIT REQUIRED PRIOR TO START OF WORK. ANY DEVIATION WILL REQUIRE AN AMENDED BUILDING PERMIT.",Issued,Commercial,4029 LANCASTER AVE,19104-1711,3,DEMOLAB & CONSTRUCTION,"DEMOLAB & CONSTRUCTION
1420 W ERIE AVE
PHILADELPHIA, PA  19140
USA",,,,AKM ESTATES LLC,2026-09-24T04:00:00Z,demolition;commercial_fitout
CP-2025-006008,Building,Commercial Building Permit,Addition and/or Alteration,FOR THE PARTIAL DEMOLITION AND INSTALLATION OF PLAYGROUND EQUIPMENT AND FURNISHINGS. AS PER APPROVED PLANS.,Issued,Commercial,5100 PINE ST,19143,3,BUZZ BURGER INC.,"BUZZ BURGER INC.
500 S Whitehorse Rd
Phoenixville, PA  19460-2573
USA",,,,"CITY OF PHILA, BLACK OAK PARK",2026-09-24T04:00:00Z,demolition;commercial_fitout
CP-2026-005192,Building,Commercial Building Permit,Addition and/or Alteration,"FOR STRUCTURAL REPAIRS TO REINFORCED CONCRETE, SEALANT REPLACEMENT, AND TRAFFIC COATINGS THROUGHOUT AN EXISTING GROUP S-2 PARKING GARAGE. ALL WORK TO BE DONE PER APPROVED PLANS AND IN ACCORDANCE WITH 2021 IEBC AND PHC APPROVAL. SEPARATE PERMITS TO BE OBTAINED FOR ALL OTHER WORK.",Issued,Commercial,1501 SPRUCE ST,19102-4501,2,"Quinn Construction, Inc.","Quinn Construction, Inc.
 1017 4th Avenue
LESTER, PA  19029
USA",,,,SPRUCE STREET PARKING ASSOCIATES,2026-09-24T04:00:00Z,commercial_fitout
ZP-2026-009455,Zoning,Zoning Permit,Change of Use,Residential - Household Living - Two-Family,Issued,Residential,2176-78 E YORK ST,19125-2143,1,RAYMOND F ROLA,"RAYMOND F ROLA
1518 WALNUT ST
STE# 1300
PHILADELPHIA, PA  19102
USA",,,,"SABUR MOHAMMED, SABUR JULIE",2026-09-23T17:51:19Z,commercial_fitout
ZP-2026-008121,Zoning,Zoning Permit,Change of Use,"Public, Civic, and Institutional - Educational Facilities",Issued,Commercial,447 N BROAD ST,19123,1,KIMLEY HORN AND ASSOCIATES INC,"KIMLEY HORN AND ASSOCIATES INC
50 South 16th Street
Two Liberty Place, Suite 3300
Philadelphia, PA  19102
USA",,,,,2026-09-23T16:50:37Z,commercial_fitout
ZP-2026-008122,Zoning,Zoning Permit,Change of Use,"Public, Civic, and Institutional - Educational Facilities",Issued,Commercial,447 N BROAD ST,19123,1,KIMLEY HORN AND ASSOCIATES INC,"KIMLEY HORN AND ASSOCIATES INC
50 South 16th Street
Two Liberty Place, Suite 3300
Philadelphia, PA  19102
USA",,,,,2026-09-23T16:47:49Z,commercial_fitout
ZP-2026-009139,Zoning,Zoning Permit,Change of Use,Child Care - Child Care Center,Issued,Commercial,810 N HANCOCK ST,19123-3025,1,,,,,,,2026-09-23T16:21:42Z,commercial_fitout
ZP-2026-009424,Zoning,Zoning Permit,Change of Use,"Retail Sales - Consumer Goods; Retail Sales - Food, Beverages, and Groceries",Issued,Commercial,6141 WOODLAND AVE,19142-2418,2,US NATIONAL TAX SERVICES INC,"US NATIONAL TAX SERVICES INC
2824 COTTMAN AVE STE 10
Philadelphia, PA  19149
USA",,,,SUNDAY SUNSHINE ENTERPRISES LLC,2026-09-23T16:05:12Z,commercial_fitout
ZP-2026-009292,Zoning,Zoning Permit,Change of Use,Residential - Household Living - Two-Family,Issued,Residential,534 S 4TH ST,19147-1540,1,"ALAN NOCHUMSON, ESQ.","ALAN NOCHUMSON, ESQ.
123 S BROAD ST
STE 1600
PHILADELPHIA, PA  19109
USA",,,,FLITTER MICHAEL,2026-09-23T15:28:02Z,commercial_fitout
ZP-2026-009555,Zoning,Zoning Permit,Change of Use,Limited Lodging,Issued,Residential,3031 DOWITCHER PL,19142-3308,2,,,,,,BURRELL HINDSALEE G,2026-09-23T14:32:05Z,commercial_fitout
ZP-2026-009503,Zoning,Zoning Permit,Change of Use,Personal Services,Issued,Commercial,2100 PRINCETON AVE,19149-1327,6,LUIS CASTILLO ACCOUNTING & TAX SERVI,"LUIS CASTILLO ACCOUNTING & TAX SERVI
627 W ERIE AVE
PHILADELPHIA, PA  19140
USA",,,,NG NG GIP MING,2026-09-23T12:48:01Z,commercial_fitout
CP-2026-003693,Building,Commercial Building Permit,New Construction,"FOR UNDERPINNING AND FOR THE CONSTRUCTION OF AN ATTACHED STRUCTURE WITH CELLAR. FOR USE AS A MULTI-FAMILY (4 UNIT) HOUSEHOLD LIVING. AS PER APPROVED PLANS.
*********************SEPARATE PERMITS FOR ANY OTHER WORK. **************************************",Issued,Commercial,2808 N 11TH ST,19133-1716,5,All Around Removal Services LLC,"All Around Removal Services LLC
2742 Knights Rd
aarphilly@gmail.com
bensalem , PA  19020
USA",,,,BCM THIRD INVESTMENTS LLC,2026-09-23T04:00:00Z,new_construction;commercial_fitout
CP-2026-002383,Building,Commercial Building Permit,Addition and/or Alteration,"FOR LEVEL II ALTERATIONS PER APPROVED PLANS.  SEPARATE PERMITS REQUIRED FOR MECHANICAL, ELECTRICAL, PLUMBING AND FIRE SUPPRESSION WORK.",Issued,Commercial,3515 MIDVALE AVE,19129-1633,4,Strata Builders,"Strata Builders
2913 Ogden St
Philadelphia, PA  19130
USA",,,,3515 MIDVALE LLC,2026-09-23T04:00:00Z,commercial_fitout
CP-2026-000929,Building,Commercial Building Permit,Addition and/or Alteration,"FOR A REAR THIRD FLOOR ADDITION TO AN EXISTING STRUCTURE. WORK TO INCLUDE A LEVEL III INTERIOR ALTERATIONS WITH  CHANGE IN OCCUPANCY.  FOR A MULTI-FAMILY HOUSEHOLD LIVING FOR FOUR (4) DWELLING UNITS. ALTERATIONS TO INCLUDE SELECTIVE DEMOLITION AND THE INSTALLATION OF NEW WALL PARTITIONS, PROVIDE FINISHES AND FURNISHINGS THROUGHOUT  AS PER APPROVED PLANS. ALL WORK TO BE DONE PER APPROVED PLANS.** IF FIELD CONDITIONS VARY CONTACT DESIGN ENGINEER PRIOR TO THE START OF ANY WORK**IEBC 2018**EXISTING BUILDING TO BE FULLY SPRINKLERED PE RNFPA 13R MIN** SEPARATE PERMITS REQUIRED FOR ALL OTHER WORK**",Issued,Commercial,519 DIAMOND ST,19122-1434,7,AFFINITY CONTRACTORS INC,"AFFINITY CONTRACTORS INC
5130 BINGHAM ST
PHILADELPHIA, PA  19124
USA",,,,LIVING LARGE LLC,2026-09-23T04:00:00Z,demolition;commercial_fitout
EP-2026-006572,Electrical,Electrical Permit,Addition and/or Alteration,"Install a complete fire alarm system for a mixed-use building serving the first-floor commercial space and second-floor dwelling unit. Provide all required initiating devices, notification appliances, control equipment, modules and wiring necessary for a complete and operational fire alarm system.

All work shall be performed in accordance with 2019 NFPA 72, the 2020 NEC and per the approved plans.",Issued,Commercial,4333 MAIN ST,19127-1516,4,ANDREW J MELMAN,"ANDREW J MELMAN
625 E Lancaster Ave #B102
Wynnewood, PA  19096
USA",,,,NAKISHBENDI SAMI,2026-09-23T04:00:00Z,commercial_fitout
CP-2026-004267,Building,Commercial Building Permit,Addition and/or Alteration,"LEVEL II ALTERATIONS (NO CHANGE OF OCCUPANCY) FOR RENOVATIONS TO DWELLING UNIT ON THE FIRST FLOOR OF AN EXISTING BUILDING (THREE TOTAL DWELLING UNITS) AS PER APPROVED PLANS. EXISTING BUILDING NOT REQUIRED TO BE SPRINKLERED. *2021 IEBC REVIEW*
**SEPARATE PERMITS REQUIRED FOR ANY MEP WORK**",Issued,Commercial,1715 W ERIE AVE,19140-3536,8,Dynamic Builderz,"Dynamic Builderz
8001 Castor ave 
STE 1042
Philadelphia , PA  19152
USA",,,,DYNAMIC ENTERPRICES 365 LLC,2026-09-23T04:00:00Z,commercial_fitout
CP-2026-004961,Building,Commercial Building Permit,Addition and/or Alteration,FOR A LEVEL II INTERIOR ALTERATIONS TO INCLUDE A CHANGE IN OCCUPANCY. FOR A MULTI-FAMILY FAMILY HOUSEHOLD LIVING FOR FOUR (4) DWELLING UNITS. ALL WORK TO BE DONE PER APPROVED PLANS.** IF FIELD CONDITIONS VARY CONTACT DESIGN ENGINEER PRIOR TO THE START OF ANY WORK**IEBC 2021**EXISTING BUILDING TO BE FULLY SPRINKLERED** SEPARATE PERMITS REQUIRED FOR ALL OTHER WORK**,Issued,Commercial,1931 N 18TH ST,19121-3331,5,Timothy William Lewis,"Timothy William Lewis
4700 City Ave 
Apt 5105
Philadelphia , PA  19131
USA",,,,PABKS PROPERTY LLC,2026-09-23T04:00:00Z,commercial_fitout
CP-2026-002681,Building,Commercial Building Permit,Addition and/or Alteration,"FOR LEVEL II ALTERATIONS WITHOUT A CHANGE IN OCCUPANCY CLASSIFICATION TO EXISTING SCUM COLLECTION AND CONCENTRATION FACILITY (BUILDING ID #1480063) AT THE SOUTHEAST WATER POLLUTION CONTROL PLANT, OWNED AND OPERATED BY PHILADELPHIA WATER DEPARTMENT. ALL WORK TO BE DONE PER APPROVED PLANS AND IN ACCORDANCE WITH 2018 IEBC. SEPARATE PERMITS REQUIRED FOR MECHANICAL, ELECTRICAL, AND PLUMBING WORK. IF SITE CONDITIONS VARY, CONTACT DESIGN PROFESSIONAL PRIOR TO START OF WORK.",Issued,Commercial,25 PATTISON AVE,19148-5199,2,C & H Industrial Services Inc,"C & H Industrial Services Inc
542 Penny Street
Franklinville, NJ  08322
USA",,,,"CITY OF PHILA, DEPT OF PUBLIC PROP",2026-09-23T04:00:00Z,commercial_fitout
CP-2026-001071,Building,Commercial Building Permit,Addition and/or Alteration,"LEVEL III ALTERATIONS TO INCLUDE VERTICAL ADDITION AND COMPLETE CHANGE OF OCCUPANCY TO CREATE A THREE (3) STORY BUILDING WITH MEZZANINES FOR USE AS SHELL COMMERCIAL SPACES (USE REGISTRATION & FIT-OUT PERMITS REQUIRED PRIOR TO OCCUPANCY) AND BUSINESS & PROFESSIONAL OFFICES AS PER APPROVED PLANS. BUILDING TO BE FULLY SPRINKLERED PER NFPA 13. *2018 IEBC REVIEW*
**SEPARATE PERMITS REQUIRED EXCAVATION, MEP & FIRE SUPPRESSION WORK**",Issued,Commercial,1508-14 N 5TH ST,19122-3621,7,Icon Remodeling LLC,"Icon Remodeling LLC
632 N. 2nd Street
Unit 301
Philadelphia, PA  19123
USA",,,,BILLY PENN STUDIOS LP,2026-09-23T04:00:00Z,commercial_fitout
CP-2026-004296,Building,Commercial Building Permit,Addition and/or Alteration,LEVEL II ALTERATIONS (NO CHANGE OF OCCUPANCY) TO ACCOMODATE REMOVAL AND REPLACEMENT OF ELEVATOR SYSTEM AND EQUIPMENT IN AN EXISTING BUILDING AS PER APPROVED PLANS AND PHC APPROVAL. *2021 IEBC REVIEW*,Issued,Commercial,640 WATER WORKS DR,19130-1003,4,CLEMENS CONSTRUCTION CO INC..,"CLEMENS CONSTRUCTION CO INC..
1435 Walnut St.
2nd Floor
Philadelphia, PA  19102
USA",,,,,2026-09-23T04:00:00Z,commercial_fitout
CP-2026-005130,Building,Commercial Building Permit,Addition and/or Alteration,"FOR LEVEL II ALTERATIONS (NO CHANGE IN OCCUPANCY) AT MECHANICAL PENTHOUSE.  SEPARATE PERMITS REQUIRED FOR MECHANICAL, ELECTRICAL, PLUMBING AND FIRE SUPPRESSION WORK.  ",Issued,Commercial,150 S INDEPENDENCE MALL W,19106-3401,1,NY DEVELOPERS & MANAGEMENT LLC,"NY DEVELOPERS & MANAGEMENT LLC
1303 53RD ST
brooklyn, NY  11219
USA",,,,,2026-09-23T04:00:00Z,commercial_fitout
PP-2026-010846,Plumbing,Plumbing Permit,Alterations,"ALTERATIONS TO EXISTING COMMERCIAL SPACE. INTERIOR INSTALLATION OF DRAINAGE, WASTE, VENT, AND WATER SUPPLY FOR LISTED FIXTURES. ALL MATERIALS SHALL BE METALLIC TO ROOF EXTENSION. VENTING TO BE DESIGNED AND INSTALLED IN ACCORDANCE WITH SECTION 919 PHILADELPHIA SINGLE STACK VENT SYSTEM. ALL WORK TO BE INSTALLED IN STRICT COMPLIANCE WITH 2021 PPC AND APPROVED PLANS",Issued,Commercial,851 W OLNEY AVE,19120-2212,9,LOR-MAR MECHANICAL SERVICES LLC,"LOR-MAR MECHANICAL SERVICES LLC
6710 WESTFIELD AVE
PENNSAUKEN, NJ  08110
USA",,,,"CITY OF PHILA, CHERASHORE PLAYGROUND",2026-09-23T04:00:00Z,roofing;commercial_fitout
CP-2026-002819,Building,Commercial Building Permit,Addition and/or Alteration,"FOR LEVEL I ALTERATIONS TO AN EXISTING STRUCTURE. ALTERATIONS TO INCLUDE THE REPLACEMENT OF FINISHES, FURNISHINGS, AND APPLIANCES. ALL WORK TO BE DONE PER APPROVED PLANS. IF FIELD CONDITIONS VARY CONTACT DESIGN ENGINEER PRIOR TO THE START OF ANY WORK. SEPARATE PERMITS TO BE OBTAINED FOR ALL OTHER WORK. ASBESTOS ABATEMENT REQUIRED PRIOR TO THE START OF WORK.",Issued,Commercial,234-36 S 11TH ST,19107-6735,1,"LEGACY CONSTRUCTION SERVICES, LLC","LEGACY CONSTRUCTION SERVICES, LLC
23701 MILES ROAD
CLEVELAND, OH  44128
USA",,,,WASHINGTON SQUARE WEST PR,2026-09-23T04:00:00Z,commercial_fitout
ZP-2026-009311,Zoning,Zoning Permit,Change of Use,Child Care - Child Care Center,Issued,Commercial,1535 CECIL B MOORE AVE,19121-3425,5,,,,,,SUNIL REALTY LLC,2026-09-23T01:50:48Z,commercial_fitout
ZP-2026-009499,Zoning,Zoning Permit,Change of Use,Residential - Household Living - Two-Family,Issued,Residential,215 S 61ST ST,19139-3717,3,AZIZ  DALI,"AZIZ  DALI
533 E Girard Ave
Ste 575
Philadelphia , PA  19125
USA",,,,FORD STEVEN D,2026-09-23T00:26:09Z,commercial_fitout
ZP-2026-008848,Zoning,Zoning Permit,Change of Use,"Retail Sales - Food, Beverages, and Groceries",Issued,Commercial,2715 W GIRARD AVE,19130-1212,5,Tina Accounting & Tax Services Inc,"Tina Accounting & Tax Services Inc
3629 Frankford Ave
Philadelphia, PA  19134
USA",,,,KOMAROVAS OLEGAS,2026-09-22T21:17:43Z,commercial_fitout
ZP-2026-009412,Zoning,Zoning Permit,Change of Use,Limited Lodging,Issued,Residential,726 S 7TH ST,19147-2119,1,,,,,,EMBERISLE HOLDINGS LLC,2026-09-22T18:41:44Z,commercial_fitout
ZP-2026-009019,Zoning,Zoning Permit,Change of Use,Eating and Drinking Establishments - Sit-Down Restaurant,Issued,Commercial,1701 N 2ND ST,19122-3103,7,This Land Studio LLC,"This Land Studio LLC
1 Sevier St.
Asheville, NC  28804
USA",,,,BRICK N 2ND STREET LP,2026-09-22T16:39:09Z,commercial_fitout
ZP-2026-009590,Zoning,Zoning Permit,Change of Use,Retail Sales - Consumer Goods,Issued,Commercial,3108 G ST,19134-2419,7,,,,,,PAGAN DANIEL,2026-09-22T15:09:51Z,commercial_fitout
ZP-2026-009563,Zoning,Zoning Permit,Change of Use,Personal Services,Issued,Commercial,1832-34 GRANT AVE,19115-4305,10,,,,,,AIDECARE HEALTHCARE GROUP INC,2026-09-22T04:33:06Z,commercial_fitout
EP-2026-009016,Electrical,Electrical Permit,Addition and/or Alteration,"Organize existing wiring to the first floor commercial space only.   Remove existing Romex wiring.   Install six new baseboard heaters.  Replace existing 200 amp panel with new panel.   Install wiring and devices for the new bathroom.  Install new lighting fixtures to the store front sales area.

All work to be perform according to the 2020 NEC and per executed contract.",Issued,Commercial,2962 N 22ND ST,19132-1504,8,MARK REDGUARD,"MARK REDGUARD
337 VANKIRK STREET
PHILADELPHIA, PA  19120
USA",,,,RICHARDSON JULIA E,2026-09-22T04:00:00Z,kitchen_bath;commercial_fitout
CP-2026-005414,Building,Commercial Building Permit,Addition and/or Alteration,FOR A LEVEL II INTERIOR ALTERATIONS (NO CHANGE IN OCCUPANCY ) TO THE 6TH FLOOR OF AN EXISTING STRUCTURE .  ALL WORK TO BE DONE PER APPROVED PLANS.** IF FIELD CONDITIONS VARY CONTACT DESIGN ENGINEER PRIOR TO THE START OF ANY WORK**IEBC 2021**EXISTING BUILDING FULLY SPRINKLERED** SEPARATE PERMITS REQUIRED FOR ALL OTHER WORK**,Issued,Commercial,1500-30 SPRING GARDEN ST,19130-4009,5,"JRM Construction Management, New Jersey, LLC","JRM Construction Management, New Jersey, LLC
390 Veterans Blvd.
Carlstadt, NJ  07072
USA",,,,1500 NET WORKS ASSOCIATES,2026-09-22T04:00:00Z,commercial_fitout
CP-2026-005006,Building,Commercial Building Permit,Commercial Make Safe Permit,"FOR THE REPLACEMENT OF THE DAMAGED EXTERIOR WALLS AND JOISTS, THE REPAIR OF THE DAMAGED EXTERIOR WALLS, THE INFILL OF EXISTING OPENINGS, AND THE SISTERING OF DAMAGED JOISTS TO RESOLVE CASE CF-2026-088258. ALL WORK TO BE DONE PER APPROVED PLANS AND ENGINEERING INSPECTION LETTER. IF FIELD CONDITIONS VARY CONTACT DESIGN ENGINEER PRIOR TO THE START OF ANY WORK. A SEPARATE PERMIT IS REQUIRED FOR ANY ADDITIONAL ALTERATIONS THAT ARE NOT SPECIFICALLY ADDRESSED ON CASE CF-2026-088258. ""IN ACCORDANCE WITH CODE BULLETIN PM-1801, A PA PROFESSIONAL ENGINEER IS REQUIRED TO MONITOR REPAIRS MADE UNDER THIS PERMIT. THE ENGINEER MUST SUBMIT A SEALED STATEMENT TO THE DEPARTMENT CONFIRMING THAT THE STRUCTURE IS IN SOUND CONDITION AT COMPLETION."" **A COVERED WALKWAY OR SIDEWALK CLOSURE SHALL BE REQUIRED WITHIN FIVE (5) FEET OF THE BUILDING FACADE IN ACCORDANCE WITH SECTION 3306 OF THE 2021 IBC. SEPARATE BUILDING AND/OR STREETS DEPARTMENT PERMIT REQUIRED PRIOR TO THE START OF ANY WORK.**",Issued,Commercial,1014 SHAMOKIN ST,19123,1,DR BUILDERS 35 LLC,"DR BUILDERS 35 LLC
2555 E THOMPSON ST
Philadelphia, PA  19125
USA",,,,EDISON360 LLC,2026-09-22T04:00:00Z,commercial_fitout
AP-2026-006829,Administrative,Administrative Permit,Certificate of Occupancy (CO) (may include LO),FOR THE CERTIFICATE OF OCCUPANCY FOR A VACANT COMMERCIAL / INDUSTRIAL SPACE ON THE FIRST-FLOOR LEVEL AND FIVE (5) DWELLING UNITS (GROUP R-2) ABOVE. SIZE AND LOCATION AS SHOWN ON THE APPLICATION / PLANS. NO ALTERATIONS ARE APPROVED UNDER THIS APPLICATION.,Issued,,335 N 11TH ST,19107-1307,1,,,,,,HUYNH KIM KHA,2026-09-22T04:00:00Z,commercial_fitout
CP-2026-002108,Building,Commercial Building Permit,New Construction,"FOR THE NEW CONSTRUCTION OF THREE (3) STORY BUILDING OF TYPE VB CONSTRUCTION WITH A REAR DECK AT 2ND FL., ROOF DECK AND ROOF DECK ACCESS STRUCTURE ABOVE THIRD FLOOR FOR THE USE OF R2 (3 DWELLING UNITS) OCCUPANCY. IF FIELD CONDITIONS VARY CONTACT DESIGN ENGINEER PRIOR TO THE START OF ANY WORK. ALL WORK TO BE DONE PER APPROVED PLANS. **A COVERED WALKWAY OR SIDEWALK CLOSURE SHALL BE REQUIRED WITHIN THE BUILDING FACADE IN ACCORDANCE WITH SECTION 3306 OF THE 2018 IBC. ** EXCAVATION WORK DO NOT EXCEED 5 FT. BELOW ADJACENT GRADE**",Issued,Commercial,3522 OLD YORK RD,19140-4247,5,TRI CONSTRUCTION LLC,"TRI CONSTRUCTION LLC
11805 academy rd
unit 5b
Philadelphia , PA  19154
USA",,,,SOA HOMES LLC,2026-09-22T04:00:00Z,pool_deck_fence;new_construction;commercial_fitout
EP-2023-001460,Electrical,Electrical Permit,Addition and/or Alteration,"Amend Permit to include full building scope of work. 

 Install new 1600 amp service, (2) 400 amp services,34 gang 
meter bank. Wiring throughout common areas, (32) units and core wiring for (3) commercial spaces. Provide wiring for 
mechanical and hvac equipment. Install a new fire alarm system throughout. Install rescue assistance system ,mag releases for door holders. as per APPROVED DRAWINGS -2017 nec & 2016 nfpa-72. 
** NO FIRE PUMP ON THIS PROJECT.

",Issued,Commercial,1614-20 RIDGE AVE,19130-2116,5,TJT ELECTRICAL & PLUMBING,"TJT ELECTRICAL & PLUMBING
4834 OLD YORK ROAD
PHILADELPHIA, PA  19141
USA",,,,ECHO PHILLY PROPERTIES LL,2026-09-22T04:00:00Z,hvac;commercial_fitout
CP-2026-002107,Building,Commercial Building Permit,New Construction,"FOR THE NEW CONSTRUCTION OF THREE (3) STORY BUILDING OF TYPE VB CONSTRUCTION WITH A REAR DECK AT 2ND FL., ROOF DECK AND ROOF DECK ACCESS STRUCTURE ABOVE THIRD FLOOR FOR THE USE OF R2 (3 DWELLING UNITS) OCCUPANCY. IF FIELD CONDITIONS VARY CONTACT DESIGN ENGINEER PRIOR TO THE START OF ANY WORK. ALL WORK TO BE DONE PER APPROVED PLANS. SEPARATE PERMITS REQUIRED FOR ALL OTHER WORK. **A COVERED WALKWAY OR SIDEWALK CLOSURE SHALL BE REQUIRED WITHIN THE BUILDING FACADE IN ACCORDANCE WITH SECTION 3306 OF THE 2018 IBC.** EXCAVATION WORK DO NOT EXCEED 5 FT. BELOW ADJACENT GRADE**",Issued,Commercial,1213 W VENANGO ST,19140-4234,5,TRI CONSTRUCTION LLC,"TRI CONSTRUCTION LLC
11805 academy rd
unit 5b
Philadelphia , PA  19154
USA",,,,SOA HOMES LLC,2026-09-22T04:00:00Z,pool_deck_fence;new_construction;commercial_fitout
CP-2026-004780,Building,Commercial Building Permit,Commercial Make Safe Permit,"MAKE SAFE PERMIT TO COMPLY WITH CASE #CF-2021-103306- FOR THE REPAIR TO AN EIXTING STRUCTURE  AS PER  PLAN.  ABUTTING SIDEWALK MUST BE CLOSED WITH FENCING A MINIMUM OF 6' IN HEIGHT. SEPARATE STREETS DEPARTMENT PERMIT REQUIRED FOR SIDEWALK CLOSURE. A SEPARATE PERMIT IS REQUIRED FOR ANY ADDITIONAL ALTERATIONS THAT ARE NOT SPECIFICALLY ADDRESSED ON CASE #CF-2021-103306. IN ACCORDANCE WITH CODE BULLETIN PM-1801, A PA PROFESSIONAL ENGINEER IS REQUIRED TO MONITOR REPAIRS MADE UNDER THIS PERMIT. THE ENGINEER MUST SUBMIT A SEALED STATEMENT TO THE DEPARTMENT CONFIRMING THAT THE STRUCTURE IS IN SOUND CONDITION AT COMPLETION.",Issued,Commercial,5500 ARDLEIGH ST,19138-1814,8,TEJAN E CONSTRUCTION,"TEJAN E CONSTRUCTION
107 FAIRFIELD AVE
Darby, PA  19082
USA",,,,WEI PHILOVENTURES INC,2026-09-22T04:00:00Z,commercial_fitout
CP-2025-004773,Building,Commercial Building Permit,Addition and/or Alteration,FOR THE ERECTION OF AN EXTERIOR STAIR AND ONE EXTERIOR WALL OPENING AS PER APPROVED PLANS. SEPARATE PERMITS REQUIRED FOR ANY OTHER WORK. *2018 IEBC*,Issued,Commercial,4015 PAUL ST,19124,7,JIT General LLC ,"JIT General LLC 
5400 Eadom St
Philadelphia , PA  19137
USA",,,,,2026-09-22T04:00:00Z,commercial_fitout
CP-2026-003251,Building,Commercial Building Permit,Addition and/or Alteration,"INSTALLATION OF EV CHARGING STATIONS AND CANOPY AS PER APPROVED PLANS. SEE PERMIT SP-2026-000758 FOR ASSOCIATED EXCAVATION WORK. *2018 IBC REVIEW*
**SEPRATE PERMIT REQUIRED FOR ELECTRICAL WORK**",Issued,Commercial,12004 E ROOSEVELT BLVD,19116,10,INCHARGE ENERGY INC.,"INCHARGE ENERGY INC.
3760 Motor Ave
Los Angeles, CA  90034
USA",,,,PROVCO GOOD MCB BYBERRY L,2026-09-22T04:00:00Z,commercial_fitout
CP-2026-005127,Building,Commercial Building Permit,Addition and/or Alteration,"FOR LEVEL II ALTERATIONS WITH NO CHANGE IN OCCUPANCY.  SEPARATE PERMITS REQUIRED FOR MECHANICAL, ELECTRICAL, PLUMBING AND FIRE SUPPRESSION WORK.",Issued,Commercial,12401 MCNULTY RD,19154-1004,10,THE RC CO INC,"THE RC CO INC
2 Mystic Lane
Malvern, PA  19355
USA",,,,"SPORTSMENS VENTURE, ANGELO BROTHERS",2026-09-22T04:00:00Z,commercial_fitout
CP-2026-005791,Building,Commercial Building Permit,Addition and/or Alteration,FOR THE CREATION OF ACCESSORY STORAGE SPACES AT LEVEL 4 AS PER APPROVED PLANS. SEPARATE PERMITS REQUIRED FOR ALL OTHER WORK. ,Issued,Commercial,3001 CHESTNUT ST,19104,3,HUNTER ROBERTS HOLDINGS LLC,"HUNTER ROBERTS HOLDINGS LLC
501 NW GRAND BLVD - 6TH FLOOR
OKLAHOMA CITY, OK  73118
USA",,,,DREXEL INSTITUTE OF TECHNOLOGY,2026-09-22T04:00:00Z,commercial_fitout
CP-2026-005012,Building,Commercial Building Permit,Addition and/or Alteration,FOR REPLACEMENT AND REPAIR IN KIND OF UNDERGOUND TANK ELEMENTS AND PARTS. WORK SHALL COMPLY WITH THE REGULATIONS OF PADEP. ,Issued,Commercial,6600 ESSINGTON AVE,19153-3417,2,"C 3 Technologies, LLC.","C 3 Technologies, LLC.
501 Adams Lane
Suite 1
North Brunswick, NJ  08902
USA",,,,6600 ESSINGTON AVENUE ASS,2026-09-22T04:00:00Z,commercial_fitout
FP-2026-001620,Fire Suppression,Fire Suppression Permit,Addition and/or Alterations,FOR THE INSTALLATION OF NFPA 13 SPRINKLER SYSTEM TO PROTECT COMMERCIAL SPACE ON THE FIRST FLOOR AS PER APPROVED PLAN. NO WORK ON EXISTING RISER/BACK-FLOW PREVENTOR,Issued,Commercial,6601-19 CASTOR AVE,19149-2121,7,DC MECHANICAL II LLC,"DC MECHANICAL II LLC
3599 Nottingham Lane
Philadelphia, PA  19114
USA",,,,"LEE JOHN W, LEE SOON J",2026-09-22T04:00:00Z,commercial_fitout
ZP-2026-008896,Zoning,Zoning Permit,Change of Use,Commissaries and Catering Services,Issued,Commercial,2549-51 N 2ND ST,19133-3409,7,CUTHBERTSON,"CUTHBERTSON
323 WILDER STREET
PHILADELPHIA, PA  19147
USA",,,,2549 NORTH 2ND LLC,2026-09-21T21:27:53Z,commercial_fitout
ZP-2026-009353,Zoning,Zoning Permit,Change of Use,Residential - Household Living - Two-Family,Issued,Residential,9208 AMBASSADOR PL,19115-4610,10,,,,,,"MISHIN BENJAMIN, MISHIN NADIA",2026-09-21T19:32:34Z,commercial_fitout
ZP-2026-009374,Zoning,Zoning Permit,Change of Use,Residential - Household Living - Two-Family,Issued,Residential,9205 AMBASSADOR PL,19115-4610,10,,,,,,"GEORGE SABU, PLANTHARA JAYA",2026-09-21T19:29:15Z,commercial_fitout
ZP-2026-008104,Zoning,Zoning Permit,Change of Use,Residential - Household Living - Multi-Family,Issued,Commercial,210-20 S 25TH ST,19103-5877,2,Canary Architecture LLC,"Canary Architecture LLC
753 Bradford Terrace
Springfield, PA  19064
USA",,,,"MARK KESSLER TRUST, KESLER BARBARA",2026-09-21T17:29:17Z,commercial_fitout
ZP-2026-008872,Zoning,Zoning Permit,Change of Use,"Retail Sales - Food, Beverages, and Groceries",Issued,Commercial,618-34 MARKET ST,19106-2355,1,,,,,,618 MARKET LP,2026-09-21T13:43:58Z,commercial_fitout
ZP-2026-009384,Zoning,Zoning Permit,Change of Use,"Retail Sales - Convenience Sales; Retail Sales - Food, Beverages, and Groceries; Retail Sales - Consumer Goods",Issued,Commercial,3512 GERMANTOWN AVE,19140-4224,5,,,,,,3512 GERMANTOWN LLC,2026-09-21T13:32:25Z,commercial_fitout
CP-2026-002850,Building,Commercial Building Permit,New Construction,"NEW CONSTRUCTION OF A THREE-STORY BUILDING WITH BASEMENT FOR USE AS A SHELL COMMERCIAL SPACE (USE REGISTRATION & FIT-OUT PERMITS REQUIRED PRIOR TO OCCUPANCY) AND FIVE (5) DWELLING UNITS AS PER APPROVED PLANS. BUILDING TO BE FULLY SPRINKLERED PER NFPA 13. WORK TO INCLUDE UNDERPINNING TO BE MONITORED BY A PA LICENSED PE AT ALL TIMES. *2018 IBC REVIEW*
**SEPARATE PERMITS REQUIRED FOR EXCAVATION, MEP & FIRE SUPPRESSION WORK**",Issued,Commercial,2909 RIDGE AVE,19121-5215,5,BFB CONSTRUCTION LLC,"BFB CONSTRUCTION LLC
7356 Valley Ave
Philadelphia, PA  19128
USA",,,,BAMICKS HOLDINGS LLC,2026-09-21T04:00:00Z,new_construction;commercial_fitout
CP-2026-003968,Building,Commercial Building Permit,Addition and/or Alteration,"FOR LEVEL III INTERIOR ALTERATIONS WITH A COMPLETE CHANGE IN USE AND OCCUPANCY CLASSIFICATION TO NON-SEPARATED GROUPS B/M/S-2 ARTIST STUDIOS / ARTISAN INDUSTRIAL AND WHOLESALE SALES & DISTRIBUTION (CRAFT PICKLE MANUFACTURER W/ ACCESSORY SALES). BUILDING IS NOT SPRINKLERED. ALL WORK TO BE DONE PER APPROVED PLANS AND IN ACCORDANCE WITH 2021 IEBC. SEPARATE PERMITS REQUIRED FOR MECHANICAL, ELECTRICAL, AND PLUMBING WORK. IF SITE CONDITIONS VARY, CONTACT DESIGN PROFESSIONAL PRIOR TO START OF WORK.",Issued,Commercial,1911-13 N 2ND ST,19122-2308,7,Dabco Collective LLC,"Dabco Collective LLC
1137 S 24th Street
Philadelphia, PA  19146
USA",,,,JAQUEZ LUIZ,2026-09-21T04:00:00Z,commercial_fitout
CP-2026-005795,Building,Commercial Building Permit,Commercial Make Safe Permit,"MAKE SAFE PERMIT- For the repairs to the main roof and garage roof with like in kind materials as per Engineer’s report to resolve case #CF-2026-081949.  Abutting sidewalk must be closed with fencing a minimum of 6’ in height. Separate Streets Department permit required for sidewalk closure. A separate permit is required for any additional alterations that are not specifically addressed on case #CF-2026-081949.
",Issued,Commercial,1115 69TH AVE,19126-2833,9,jonathan anyumba,"jonathan anyumba
311 Lansdowne Rd
havertown, PA  19083
USA",,,,GRAVES ELIZABETH,2026-09-21T04:00:00Z,roofing;commercial_fitout
CP-2026-005652,Building,Commercial Building Permit,Addition and/or Alteration,"LEVEL I EXTERIOR ALTERATIONS (NO CHANGE OF OCCUPANCY) TO INCLUDE BRICK REBUILD, MASONRY POINTING, SEALANT AND CONCRETE PATCHING AS PER APPROVED PLANS AND PHC APPROVAL. *2021 IEBC REVIEW*  ",Issued,Commercial,2101-17 CHESTNUT ST,19103-3108,5,WATTS RESTORATION CO INC,"WATTS RESTORATION CO INC
1704 Bustleton Pike
Feasterville, PA  19053
USA",,,,,2026-09-21T04:00:00Z,commercial_fitout
EP-2025-011298,Electrical,Electrical Permit,New Construction,"Install  400A main service equipment  and sub feeders for 2 apt ,1st fl commercial space and landlord panel  ,Interior wiring throughout ,install hard wire smoke alarms ,install light fixtures ,receptacles , switches and grounding .Install new fire alarm system . ALL WORK IS TO BE DONE ACCORDING TO APPROVED DRAWINGS-2017 NEC,2016 NFPA-72.	 ",Issued,Commercial,1050 W ORLEANS ST,19133-1840,5,City Lights electric llc,"City Lights electric llc
2374 Pine rd 
huntingdon valley, PA  19006
USA",,,,T&I DEVELOPMENT LLC,2026-09-21T04:00:00Z,new_construction;commercial_fitout
CP-2026-005331,Building,Commercial Building Permit,Addition and/or Alteration,FOR A LEVEL II INTERIOR ALTERATIONS (NO CHANGE IN OCCUPANCY ) TO THE 6TH FLOOR CORRIDOR OF AN EXISTING STRUCTURE.  ALL WORK TO BE DONE PER APPROVED PLANS.** IF FIELD CONDITIONS VARY CONTACT DESIGN ENGINEER PRIOR TO THE START OF ANY WORK**IEBC 2021**EXISTING BUILDING IS FULLY SPRINKLERED** SEPARATE PERMITS REQUIRED FOR ALL OTHER WORK**,Issued,Commercial,1500-30 SPRING GARDEN ST,19130-4009,5,HAASPETERS CONSTRUCTION GROUP INC,"HAASPETERS CONSTRUCTION GROUP INC
306 BALTIMORE AVE
FOLCROFT, PA  19032
USA",,,,1500 NET WORKS ASSOCIATES,2026-09-21T04:00:00Z,commercial_fitout
EP-2026-006140,Electrical,Electrical Permit,Addition and/or Alteration,"Work includes a new  600-amp electrical service, tenant and house distribution panels, branch circuit wiring, lighting, receptacles, dedicated equipment circuits, HVAC and water heater power connections, emergency and exit lighting, smoke/CO alarms, and a complete fire alarm system with all associated equipment and devices. ALL WORK PER APPROVED PLANS. FUTURE TENANT FIT-OUT WILL REQUIRE A SEPARATE PERMIT AND UPDATED SERVICE LOAD CALCULATION. ",Issued,Commercial,833-35 N 2ND ST,19123-3009,1,EAGLE ELECTRICAL CONSTRUCTION CO INC,"EAGLE ELECTRICAL CONSTRUCTION CO INC
2521 EAST CLEARFIELD STREET
PHILADELPHIA, PA  19134
USA",,,,BATE BUILDERS LLC,2026-09-21T04:00:00Z,hvac;commercial_fitout
CP-2026-003227,Building,Commercial Building Permit,Addition and/or Alteration,FOR A FACADE REPAIR TO AN EXISTING STRUCTURE. **ALL WORK TO BE DONE PER APPROVED PLANS.** IF FIELD CONDITIONS VARY CONTACT DESIGN ENGINEER PRIOR TO THE START OF ANY WORK**IEBC 2021**,Issued,Commercial,130 SPRUCE ST,19106-4319,1,ARMOR MASONRY RESTORATION INC,"ARMOR MASONRY RESTORATION INC
105 JESSUP ROAD
SUITE 100
THOROFARE, NJ  08086
USA",,,,,2026-09-21T04:00:00Z,commercial_fitout
FP-2026-001700,Fire Suppression,Fire Suppression Permit,Addition and/or Alterations,"EZ KITCHEN FIRE SUPPRESSION- For the installation of New Wet Chemical Kitchen Fire Suppression System as per attached standard. Deviations from these standards require submission of construction and site plans.

Install kitchen fire suppression system for commercial kitchen exhaust hood",Issued,Commercial,625-27 S 6TH ST,19147-2128,1,TER-PRO LLC,"TER-PRO LLC
73330 TULIP STREET
PHILADELPHIA, PA  19136
USA",,,,6TH & BAINBRIDGE LLC,2026-09-21T04:00:00Z,kitchen_bath;commercial_fitout
CP-2026-004634,Building,Commercial Building Permit,Addition and/or Alteration,FOR LEVEL I INTERIOR ALTERATIONS WORK INCLUDING MINOR STRUCTURAL WORK TO AN EXISTING HOSPITAL BUILDING PER APPROVED PLANS AND PER PA DOH APPROVAL. SEPARATE PERMITS REQUIRED FOR ANY MEP/ FIRE SUPPRESSION WORK.,Issued,Commercial,3800 POWELTON AVE,19104-5104,3,HSC BUILDERS & CONSTRUCTION,"HSC BUILDERS & CONSTRUCTION
304 New Mill Lane
Exton, PA  19341
USA",,,,"PRESBYTERIAN MEDICAL CENT, PENN PRESBYTERIAN MEDICAL",2026-09-21T04:00:00Z,commercial_fitout
AP-2026-006906,Administrative,Administrative Permit,Certificate of Occupancy (CO) (may include LO),FOR A CERTIFICATE OF OCCUPANCY FOR A GROUP CHILD CARE (GROUP E) - NOT TO EXCEED 12 CHILDREN RECEIVING CARE ON THE FIRST FLOOR OF A MIXED-USE COMMERCIAL/RESIDENTIAL BUILDING. NO ALTERATIONS WORK UNDER THIS PERMIT.,Issued,,4437 FRANKFORD AVE,19124-3636,7,,,,,,BOURAS ZINEDDINE,2026-09-21T04:00:00Z,commercial_fitout
FP-2026-001968,Fire Suppression,Fire Suppression Permit,Rough-In,"Rough-In Permit for FP-2026-001952 

DEMO WET SPRINKLER SYSTEM ON LOWER LEVEL. INSTALL NEW WET SPRINKLER PIPING & HEADS TO ACCOMMODATE NEW FITOUT AND CEILINGS AS PER NFPA 13 AND LOCAL CODES",Issued,Commercial,3701 SPRUCE ST,19104-4108,3,A & S SPRINKLER CO INC,"A & S SPRINKLER CO INC
101 East Laurel Avenue
Cheltenham, PA  19012
USA",,,,TRS UNIV OF PENN,2026-09-21T04:00:00Z,demolition;commercial_fitout
CP-2026-002545,Building,Commercial Building Permit,Addition and/or Alteration,"FOR LEVEL II ALTERATIONS TO AN EXISTING STRUCTURE. ALTERATIONS TO INCLUDE PARTIAL DEMOLITION AND THE ERECTION OF PARTITION WALLS, 
 PROVIDE FINISHES/FURNISHINGS AND ACCESSIBILITY IMPROVEMENTS THROUGHOUT.  FOR USE AS PREVIOUSLY APPROVED. ALL WORK TO BE DONE PER APPROVED PLANS. 
",Issued,Commercial,9475-95 E ROOSEVELT BLVD,19114-2212,6,REMODELING CONCEPTS,"REMODELING CONCEPTS
1095 Wood Lane
Langhorne, PA  19047
USA",,,,GRANT ONE ASSOCIATES L P,2026-09-21T04:00:00Z,demolition;commercial_fitout
CP-2026-005456,Building,Commercial Building Permit,Addition and/or Alteration,"FOR LEVEL II INTERIOR ALTERATIONS WITHOUT A CHANGE IN EXISTING GROUP S-1 USE AND OCCUPANCY CLASSIFICATION TO SUB-DIVIDE AN EXISTING WAREHOUSE INTO MULTIPLE STORAGE SPACES. EXISTING BUILDING IS FULLY SPRINKLERED. ALL WORK TO BE DONE PER APPROVED PLANS AND IN ACCORDANCE WITH 2021 IEBC. SEPARATE PERMITS REQUIRED FOR MECHANICAL, ELECTRICAL, PLUMBING, AND FIRE SUPPRESSION WORK.",Issued,Commercial,4000 S 26TH ST,19112-1613,2,KELLER & CO INC,"KELLER & CO INC
528 SWEDE ST
NORRISTOWN, PA  19401
USA",,,,L/S 26TH STREET NORTH LP,2026-09-21T04:00:00Z,commercial_fitout
CP-2026-001204,Building,Commercial Building Permit,Addition and/or Alteration,"**2018 IEBC REVIEW** FOR LEVEL II ALTERATIONS & CHANGE OF OCCUPANCY TO AN EXISTING COMMERCIAL BUILDING FOR USE AS AN APARTMENT BUILDING WITH FOUR (4) DWELLING UNITS (R-2 OCCUPANCY), ALTERATIONS TO INCLUDE THE ERECTION OF PARTITION WALLS, PROVIDE FINISHES/FURNISHINGS AND ACCESSIBILITY IMPROVEMENTS THROUGHOUT. ALL WORK TO BE DONE PER APPROVED PLANS. IF FIELD CONDITIONS VARY CONTACT DESIGN ENGINEER PRIOR TO THE START OF ANY WORK. SEPARATE PERMITS TO BE OBTAINED FOR ALL OTHER WORK. ** PERMIT INCLUDES WORK TO BE LEGALIZED **
**ENTIRE BUILDING TO BE FULLY SPRINKLERED IN ACCORDANCE WITH NFPA 13R (MIN)**",Issued,Commercial,1515 W LEHIGH AVE,19132-2215,8,Shay Argaman,"Shay Argaman
3025 master st
Apt B
Philadelphia, PA  19121
USA",,,,NOEL DORIAN,2026-09-21T04:00:00Z,commercial_fitout
CP-2026-003669,Building,Commercial Building Permit,New Construction,"FOR THE ERECTION OF AN ATTACHED THREE (3) STORY STRUCTURE OF TYPE V-B CONSTRUCTION WITH CELLAR FOR USE AS A FOUR (4) FAMILY DWELLING (GROUP R-2). BUILDING TO BE FULLY SPRINKLERED PER NFPA 13R. ALL WORK TO BE DONE PER APPROVED PLANS AND IN ACCORDANCE WITH 2018 IBC. SEPARATE PERMITS REQUIRED FOR MECHANICAL, ELECTRICAL, PLUMBING, FIRE SUPPRESSION, AND EXCAVATION WORK.",Issued,Commercial,3014 DIAMOND ST,19121-1110,5,Michael D Link,"Michael D Link
4130 Ridge Ave.
Suite 18522
Philadelphia, PA  19129
USA",,,,PHILLY AUCTIONS LLC,2026-09-21T04:00:00Z,new_construction;commercial_fitout
PP-2026-008946,Plumbing,Plumbing Permit,Alterations,"ALTERATIONS TO MIXED USE BUILDING. INTERIOR INSTALLATION OF DRAINAGE, WASTE, VENT, AND WATER SUPPLY FOR LISTED FIXTURES. ALL MATERIALS SHALL BE METALLIC TO ROOF EXTENSION FOR PIPING SERVING FIXTURES IN COMMERCIAL SPACES. VENTING TO BE DESIGNED AND INSTALLED IN ACCORDANCE WITH SECTION 919 PHILADELPHIA SINGLE STACK VENT SYSTEM. ALL WORK TO BE INSTALLED IN STRICT COMPLIANCE WITH 2018 PPC AND APPROVED PLANS",Issued,Commercial,833-35 N 2ND ST,19123-3009,1,SHEGDA CONSTRUCTION CORP,"SHEGDA CONSTRUCTION CORP
2506 E CUMBERLAND ST
PHILADELPHIA, PA  19125
USA",,,,BATE BUILDERS LLC,2026-09-21T04:00:00Z,roofing;commercial_fitout
CP-2026-005315,Building,Commercial Building Permit,Commercial Make Safe Permit,"MAKE SAFE PERMIT TO COMPLY WITH CF-2023-066494 TO INCLUDE THE DEMOLITION OF EXISTING RETAING WALL AND THE REMOVAL OF SOIL BEHIND WALLS AND ROUGH GRADE AREA 3:1 SLOPE. AS PER APPROVED PLANS AND IN ACCORDANCE WITH CODE BULLETIN PM-1801.  LICENSED PA PROFESSIONAL ENGINEER IS REQUIRED TO MONITOR REPAIRS MADE UNDER THIS PERMIT.  THE ENGINEER MUST SUBMIT A SEALED STATEMENT TO THE DEPARTMENT CONFIRMING THAT THE STRUCTURE IS IN SOUND CONDITION AT COMPLETION.  SEPARATE PERMITS REQUIRED FOR ADDITIONAL ALTERATIONS NOT ADDRESSED IN APPROVED PLANS. 
*PROTECTION OF PEDESTRIANS, PUBLIC RIGHT-OF-WAY, AND ADJACENT PROPERTIES TO BE IN PLACE PRIOR TO START OF WORK.*
*SEPARATE STREETS DEPARTMENT APPROVAL REQUIRED FOR RIGHT-OF-WAY ENCROACHMENT OR CLOSURE. * ",Issued,Commercial,4310 HAVERFORD AVE,19104-1324,3,BILLY BOY CONTTACTING LLC,"BILLY BOY CONTTACTING LLC
620 Allendale Rd #80678
Valey Forge, PA  19484
USA",,,,CITY OF PHILA,2026-09-21T04:00:00Z,demolition;commercial_fitout
MP-2026-005049,Mechanical,Mechanical / Fuel Gas Permit,Addition and/or Alterations,FOR INSTALLATION OF TYPE-1 COMMERCIAL KITCHEN EXHAUST HOOD PER APPROVED PLANS AND MANUFACTURER'S SPECIFICATIONS.,Issued,Commercial,5052-56 CITY AVE,19131-1441,4,EAST COAST BUSINESS FIRE INC,"EAST COAST BUSINESS FIRE INC
1104 A BUTTONWOOD STREET
PHILADELPHIA, PA  19123
USA",,,,CELIK PLAZA LLC,2026-09-21T04:00:00Z,kitchen_bath;commercial_fitout
CP-2026-002637,Building,Commercial Building Permit,Addition and/or Alteration,"LEVEL II ALTERATIONS (NO CHANGE OF OCCUPANCY) AND THE ERECTION OF A THREE-STORY HORIZONTAL ADDITION TO AN EXISTING EDUCATIONAL FACILITY TO INCLUDE PARKING AREA AS PER APPROVED PLANS AND BBS VARIANCE MI-2026-001758. ADDITION TO BE FULLY SPRINKLERED AND INCLUDE STANDPIPES. SEE PERMIT SP-2026-000710 FOR ASSOCIATED EXCAVATION WORK AND PERMIT SP-2026-000807 FOR FOUNDATION WORK. *2018 IEBC REVIEW*
**SEPARATE PERMITS REQUIRED FOR MEP & FIRE SUPPRESSION WORK**",Issued,Commercial,302-12 N 13TH ST,19107,1,INTECH CONSTRUCTION LLC,"INTECH CONSTRUCTION LLC
3020 MARKET ST
6TH FLR
PHILADELPHIA, PA  19104
USA",,,,,2026-09-21T04:00:00Z,commercial_fitout
CP-2026-004662,Building,Commercial Building Permit,Addition and/or Alteration,**2021 IEBC REVIEW** INTERIOR ALTERATION FOR THE CHANGE OF OCCUPANCY (GROUP B SELF LAUNDROMAT) TO AN EXISTING TENANT SPACE. ALL WORK TO BE DONE PER APPROVED PLANS. IF FIELD CONDITIONS VARY CONTACT DESIGN ENGINEER PRIOR TO THE START OF ANY WORK. SEPARATE PERMITS TO BE OBTAINED FOR ALL OTHER WORK.,Issued,Commercial,600-02 E CHELTEN AVE,19144-1205,8,DING'S REMODELING LLC,"DING'S REMODELING LLC
2114 Friendship St
Philadelphia, PA  19149
USA",,,,600 EAST CHELTEN ASSOC LLC,2026-09-21T04:00:00Z,commercial_fitout
EP-2026-006497,Electrical,Electrical Permit,Addition and/or Alteration,"1000 amp service with 14 meters and sub panels. 
Wiring 12 units and 1 vacant commercial space as per 2017 NEC. 
Fire alarm system installation throughout as per 2016 NFPA 72.",Issued,Commercial,29 N 2ND ST,19106-2214,1,BENG DING,"BENG DING
708 Conshohocken State Rd
Bala Cynwyd, PA  19004
USA",,,,LONG RIVER INVESTMENTS INC,2026-09-21T04:00:00Z,commercial_fitout
CP-2026-005297,Building,Commercial Building Permit,Addition and/or Alteration,FOR THE ALTERATION TO THE TRASH ENCLOSURE FENCE AND EXTERIOR GATE AS PER APPROVED PLAN.,Issued,Commercial,1300-18 WASHINGTON AVE,19147-3626,1,C.H. SCHWERTNER & SON INC,"C.H. SCHWERTNER & SON INC
20 UNION HILL RD BLDG 20
CONSHOHOCKEN, PA  19428
USA",,,,1300 WASHINGTON AVENUE LP,2026-09-21T04:00:00Z,pool_deck_fence;commercial_fitout
ZP-2026-009383,Zoning,Zoning Permit,Change of Use,Residential - Household Living - Two-Family,Issued,Residential,1954 ROWAN ST,19140-1733,8,,,,,,VALDES EDGARDO,2026-09-21T02:41:33Z,commercial_fitout
ZP-2026-009016,Zoning,Zoning Permit,Change of Use,Residential - Household Living - Two-Family,Issued,Residential,1225 S 21ST ST,19146-4347,2,Peter Elsbeck,"Peter Elsbeck
1623 SPRUCE STREET
APT 5
PHILADELPHIA, PA  19103
USA",,,,"ROBINSON DIERDRE L, ROBINSON RENEE F",2026-09-20T13:31:59Z,commercial_fitout
FP-2026-001923,Fire Suppression,Fire Suppression Permit,Addition and/or Alterations,"FOR THE INSTALLATION OF A NEW FIRE SUPPRESSION SYSTEM COMPLYING WITH BOTH NFPA 13 FOR THE COMMERCIAL SPACE AND NFPA 13R FOR THE RESIDENTIAL PORTION OF AN EXISTING STRUCTURE. INSTALLATION  TO INCLUDE 2"" FIRE SERVICE LINE AND 2."" DC WILKINS 950 XLT2 BACKFLOW PREVENTION ASSEMBLY AS PER APPROVED PLANS. ALL WORK SHALL BE PERFORMED BY A FIRE SUPPRESSION CONTRACTOR LICENSED BY THE CITY OF PHILADELPHIA.",Issued,Commercial,4246 LANCASTER AVE,19104-1469,3,Willis Fire Protection ,"Willis Fire Protection 
505 schick rd 
Aston , PA  19014
USA",,,,NEXTRES LLC,2026-09-20T04:00:00Z,commercial_fitout
CP-2026-005286,Building,Commercial Building Permit,Commercial Make Safe Permit,"MAKE SAFE PERMIT TO COMPLY WITH CASE #CF-2025-021163- FORTHE STRUCTURAL REPAIR OF A PORTION OF AN EXISTIG STUCTURE  AS PER ENGINEER'S REPORT AND PLAN.  ABUTTING SIDEWALK MUST BE CLOSED WITH FENCING A MINIMUM OF 6' IN HEIGHT. SEPARATE STREETS DEPARTMENT PERMIT REQUIRED FOR SIDEWALK CLOSURE. A SEPARATE PERMIT IS REQUIRED FOR ANY ADDITIONAL ALTERATIONS THAT ARE NOT SPECIFICALLY ADDRESSED ON CASE #CF-2025-021163. IN ACCORDANCE WITH CODE BULLETIN PM-1801, A PA PROFESSIONAL ENGINEER IS REQUIRED TO MONITOR REPAIRS MADE UNDER THIS PERMIT. THE ENGINEER MUST SUBMIT A SEALED STATEMENT TO THE DEPARTMENT CONFIRMING THAT THE STRUCTURE IS IN SOUND CONDITION AT COMPLETION. **IEBC2021**",Issued,Commercial,2101-07 N BROAD ST,19122-1195,5,JKF Construction Services LLC,"JKF Construction Services LLC
4044 Mechanicsville Rd. 
Doylestown, PA  19802
USA",,,,"BEREAN PRESBYTERIAN, CHURCH",2026-09-20T04:00:00Z,commercial_fitout
ZP-2026-009433,Zoning,Zoning Permit,Change of Use,Residential - Household Living - Two-Family,Issued,Residential,4819 N 15TH ST,19141-2103,8,Oscar  Vladimir Ventura Penalo,"Oscar  Vladimir Ventura Penalo
3237 Wellington st
Philadelphia , PA  19149
USA",,,,CITIZENS BANK NA,2026-09-19T21:32:14Z,commercial_fitout
ZP-2026-007684,Zoning,Zoning Permit,Change of Use,Office - Business and Professional; Assembly and Entertainment - Event Assembly Activity,Issued,Commercial,1318 W CLEARFIELD ST,19132-2423,5,,,,,,,2026-09-19T17:00:41Z,commercial_fitout
ZP-2026-009364,Zoning,Zoning Permit,Change of Use,Residential - Household Living - Multi-Family,Issued,Commercial,3252 RYAN AVE,19136-4319,6,A2 Design Group LLC,"A2 Design Group LLC
5115 Rochelle Avenue
Philadelphia, PA  19128
USA",,,,NORTHEAST CAPITAL ASSOCIA,2026-09-19T01:55:53Z,commercial_fitout
ZP-2026-009344,Zoning,Zoning Permit,Change of Use,Personal Services,Issued,Commercial,447 N 12TH ST,19123-3714,1,AAA FOUNDATION CONSULTING INC.,"AAA FOUNDATION CONSULTING INC.
1009 RACE STREET
PHILADELPHIA, PA  19107
USA",,,,LING KIM Y,2026-09-18T18:57:13Z,commercial_fitout
ZP-2026-009525,Zoning,Zoning Permit,Change of Use,"Wholesale, Distribution, and Storage - Equipment and Materials Storage Yards and Buildings",Issued,Commercial,5901 ELMWOOD AVE,19143-6008,2,JEROME HENRY,"JEROME HENRY
4257 N 16TH ST
PHILADELPHIA, PA  19140
USA",,,,"BIANCO ANTHONY F, BIANCO FRANCIS M",2026-09-18T18:52:22Z,commercial_fitout
ZP-2026-009115,Zoning,Zoning Permit,Change of Use,"Medical, Dental, and Health Practitioner - Sole Medical, Dental, and Health Practitioner",Issued,Commercial,2625 W GIRARD AVE,19130-1333,5,,,,,,"ARCURI BARBARA ANN TR, ARCURI STEPHEN MATTHEW TR",2026-09-18T15:05:17Z,commercial_fitout
ZP-2026-009513,Zoning,Zoning Permit,Change of Use,Residential - Household Living - Single-Family,Issued,Residential,6628 HOLLIS ST,19138-1926,9,GOOD DEAL REMODELING LLP,"GOOD DEAL REMODELING LLP
102 BRIDLE PATH LN
FEASTERVILLE, PA  19053
USA",,,,SHUMAN CHARLES H,2026-09-18T12:48:12Z,commercial_fitout
CP-2026-003920,Building,Commercial Building Permit,Addition and/or Alteration,"FOR LEVEL II INTERIOR ALTERATIONS TO INCLUDE A CHANGE IN OCCUPANCT TO THE 2ND FLOOR LEVEL  OF  AN EXISTING STRUCTURE. EXISTING BUILDING IS FULLY SPRINKLERED. FOR USE AS GROUP LIVING PERSONAL CARE HOME . **ALL WORK TO BE DONE PER APPROVED PLANS AND IN ACCORDANCE WITH 2018 IEBC.** SEPARATE PERMITS REQUIRED FOR MECHANICAL, ELECTRICAL, PLUMBING, AND FIRE SUPPRESSION WORK.** IF SITE CONDITIONS VARY, CONTACT DESIGN PROFESSIONAL PRIOR TO START OF WORK.**",Issued,Commercial,2709-11 N BROAD ST,19132-2722,5,TECHNI SYSTEMS INC,"TECHNI SYSTEMS INC
116 Woodview Lane
Cinnaminson,, NJ  08077
USA",,,,PHILADELPHIA SUBURBAN DEVELOPMENT CORPOR,2026-09-18T04:00:00Z,commercial_fitout
CP-2026-001834,Building,Commercial Building Permit,New Construction,"NEW CONSTRUCTION OF A THREE-STORY BUILDING WITH BASEMENT AND PRIVATE ROOF DECK/PILOT HOUSE FOR USE AS FOUR (4) DWELLING UNITS AS PER APPROVED PLANS. WORK TO INCLUDE UNDERPINNING TO BE MONITORED BY A PA LICENSED PE AT ALL TIMES. BUILDING TO BE FULLY SPRINKLERED. *2018 IBC REVIEW*
**SEPARATE PERMITS REQUIRED FOR MEP & FIRE SUPPRESSION WORK**",Issued,Commercial,4226 OTTER ST,19104-1217,3,Philadelphia Modern Build Inc,"Philadelphia Modern Build Inc
810 Clay St
Scranton, PA  18510
USA",,,,"4 CASTLE LLC, YONA CONSTRUCTION LLC",2026-09-18T04:00:00Z,pool_deck_fence;new_construction;commercial_fitout
MP-2026-005084,Mechanical,Mechanical / Fuel Gas Permit,Addition and/or Alterations,FOR A 8' TYPE I COMMERCIAL KITCHEN HOOD INSTALLATION  TO ACCOMMODATE AN EXISTING STRUCTURE.  **SEPARATE PERMIT REQUIRED FOR ANY FIRE SUPPRESSION SYSTEM INSTALLATION** IMC 2021**,Issued,Commercial,4637 FRANKFORD AVE,19124-5803,7,delosrios plumbing inc,"delosrios plumbing inc
1832 Glendale Avenue
Philadelphia, PA  19111
USA",,,,4637 FRANKFORD AQUISITIONS LLC,2026-09-18T04:00:00Z,kitchen_bath;commercial_fitout
EP-2026-007435,Electrical,Electrical Permit,Addition and/or Alteration,"Electrical Permit for combo CP-2026-003931: Install a 400-amp electrical service, including wiring and equipment as required  with four (4) meter packs, including proper grounding and bonding. Install one (1) 100-amp subpanel for the house panel, one (1) 150-amp subpanel for the commercial space, and one (1) 125-amp subpanel for each of the two (2) dwelling units.

Provide electrical wiring throughout the building, including installation of lighting fixtures, switches, exit signs, emergency lighting, telecommunication wiring and receptacles outlets. Install branch circuits to supply power to appliances and HVAC equipment.   Install interconnected smoke and carbon monoxide alarms.    Furnish and install a fire alarm system.
All work shall be performed in accordance with the 2017 NEC, 2016 NFPA 72 and per approved plans.",Issued,Commercial,1606 E PASSYUNK AVE,19148-1122,1,PROMPT PLUMBING MECH CONTR INC,"PROMPT PLUMBING MECH CONTR INC
1427 S 8TH ST
PHILADELPHIA, PA  19147
USA",,,,SOUTH LIGHT INVESTMENT INC,2026-09-18T04:00:00Z,hvac;commercial_fitout
CP-2026-003236,Building,Commercial Building Permit,Addition and/or Alteration,FOR LEVEL III INTERIOR ALTERATIONS FOR THE CHANGE OF OCCUPANCY TO R2 (3 DWELLING UNITS) WITH ACCESSORY STORAGE & UTILITY WITHIN THE BASEMENT OF AN EXISTING THREE STORY BUILDING. ALL WORK TO BE DONE PER APPROVED PLANS. IF FIELD CONDITIONS VARY CONTACT DESIGN ENGINEER PRIOR TO THE START OF ANY WORK. SEPARATE PERMITS TO BE OBTAINED FOR ALL OTHER WORK.,Issued,Commercial,3226 POWELTON AVE,19104-2723,3,DR BUILDERS 35 LLC,"DR BUILDERS 35 LLC
2555 E THOMPSON ST
Philadelphia, PA  19125
USA",,,,DREXEL LIVING LLC,2026-09-18T04:00:00Z,commercial_fitout
CP-2026-005564,Building,Commercial Building Permit,Addition and/or Alteration,"FOR LEVEL II INTERIOR ALTERATIONS TO CONDOMINIUM UNIT #3102 AKA 31D AT THE 31ST FLOOR OF THE EXISTING HIGH-RISE STRUCTURE. 
ALL WORK TO BE DONE PER APPROVED PLANS AND IN ACCORDANCE WITH 2018 IEBC AND PHC APPROVAL. SEPARATE PERMITS REQUIRED FOR MECHANICAL, ELECTRICAL, PLUMBING, AND FIRE SUPPRESSION WORK.",Issued,Commercial,130 S 18TH ST,19103-4932,5,DAVID HORLACHER,"DAVID HORLACHER
519 MAPLE ST
WARMINSTER, PA  18974
USA",,,,"GOODMAN JEFFREY PAUL, GOODMAN LAURA LUCIA",2026-09-18T04:00:00Z,commercial_fitout
CP-2026-005279,Building,Commercial Building Permit,Addition and/or Alteration,"FOR LEVEL II ATERATIONS TO INCLUDE PARTIAL DEMOLITION AND THE REPAIR / REPLACEMENT EXISTING WALL AND CEILING COVERING WITH NEW DRYWALL. FOR USE AS PREVIOUSLY APPROVED. AS PER APPROVED PLANS.
*****************SEPARATE PERMITS FOR ANY OTHER WORK. ******************************",Issued,Commercial,1112-20 LOMBARD ST,19147-1231,1,SHIFCO MANAGEMENT LLC,"SHIFCO MANAGEMENT LLC
525 Market St
Camden, NJ  08102
USA",,,,"WASHINGTON MEWS APTS, CORP",2026-09-18T04:00:00Z,demolition;commercial_fitout
CP-2026-005343,Building,Commercial Building Permit,Addition and/or Alteration,"FOR CHANGE OF OCCUPANCY AND LEVEL II ALTERATIONS AT THE 1ST FLOOR FOR USE AS SIT-DOWN RESTAURANT TO INCLUDE NEW PARTITIONS, FIXTURES, FURNISHINGS, FINISHES AS PER APPROVED PLANS. SEPARATE PERMITS REQUIRED FOR MEP AND FIRE SUPPRESSION WORK. *2021 IEBC* ",Issued,Commercial,232-34 MARKET ST,19106-2816,1,RJ CONSTRUCTION SERVICES LLC,"RJ CONSTRUCTION SERVICES LLC
2101 DISSTON ST
PHILADELPHIA, PA  19146
USA",,,,STANLEY PARTNERS L P,2026-09-18T04:00:00Z,commercial_fitout
CP-2026-004915,Building,Commercial Building Permit,Addition and/or Alteration,FOR STRUCTURAL REPAIRS PER APPROVED PLANS.** IF FIELD CONDITIONS VARY CONTACT DESIGN ENGINEER PRIOR TO THE START OF ANY WORK**IEBC 2021**,Issued,Commercial,1625 CHESTNUT ST,19103-4202,5,MJ SETTELEN CONSTRUCTION LLC,"MJ SETTELEN CONSTRUCTION LLC
230 S BROAD ST
SUITE 1100
PHILADELPHIA, PA  19102
USA",,,,"LIBERTY PLACE RETAIL, ASSOC ETAL",2026-09-18T04:00:00Z,commercial_fitout
CP-2026-004003,Building,Commercial Building Permit,New Construction,"FOR NEW CONSTRUCTION (MORE THAN 2/3 OF STRUCTURAL FRAMING AND PORTION(S) OF EXTERIOR WALLS TO BE REMOVED) OF A THREE (3) STORY STRUCTURE OF TYPE V-B CONSTRUCTION. FOR USE AS VACANT COMMERCIAL SPACE (SEPARATE PERMITS REQUIRED PRIOR TO FIT-OUT AND ISSUANCE OF C.O.) AND ONE (1) DWELLING UNIT (GROUP R-3). BUILDING TO BE FULLY SPRINKLERED (PER NFPA 13 THROUGHOUT THE COMMERCIAL SPACE AT THE BASEMENT & 1ST FLOOR AND PER NFPA 13R THROUGHOUT THE RESIDENTIAL OCCUPANCY AT THE 2ND & 3RD FLOORS). ALL WORK TO BE DONE PER APPROVED PLANS AND IN ACCORDANCE WITH 2021 IBC. SEPARATE PERMITS REQUIRED FOR MECHANICAL, ELECTRICAL, PLUMBING, FIRE SUPPRESSION, AND EXCAVATION WORK. SEE ZP-2026-007692 FOR ZONING APPROVAL. SEE SR-2026-032345 FOR STREETS DEPT. APPROVAL.
**SEPARATE COMPLETE DEMOLITION PERMIT REQUIRED FOR DOCUMENTATION OF EXTENT OF REMOVAL OF EXISTING STRUCTURE ON LOT.**",Issued,Commercial,1313 FRANKFORD AVE,19125-3203,5,GTMO DEVELOPMENT LLC,"GTMO DEVELOPMENT LLC
5200 OLEANDER RD
DREXELL HILL, PA  19026
USA",,,,DIFED LLC,2026-09-18T04:00:00Z,demolition;new_construction;commercial_fitout
MP-2026-005132,Mechanical,Mechanical / Fuel Gas Permit,Addition and/or Alterations,"FOR THE INSTALLATION OF A TYPE 1 COMMERCIAL KITCHEN HOOD (10'-0"") AND ASSOCIATED DUCTWORK, FANS AS PER APPROVED PLANS.
 SEPARATE PERMITS REQUIRED FOR ELECTRICAL AND FIRE SUPPRESSION WORK.  **IMC 2018** ",Issued,Commercial,2345 E ANN ST,19134-4325,1,LIBIO MATOS USA REMODELING CONSTRUCTION,"LIBIO MATOS USA REMODELING CONSTRUCTION
2633 KENSINGTON AVENUE
PHILADELPHIA, PA  19125
USA",,,,LAM'S INVESTMENT CORP,2026-09-18T04:00:00Z,hvac;kitchen_bath;commercial_fitout
CP-2026-005181,Building,Commercial Building Permit,Addition and/or Alteration,"FOR LEVEL II INTERIOR ALTERATIONS WITHOUT A CHANGE IN EXISTING GROUP R-3 GROUP HOME USE AND OCCUPANCY. EXISTING BUILDING IS NOT SPRINKLERED. ALL WORK TO BE DONE PER APPROVED PLANS AND IN ACCORDANCE WITH 2021 IEBC. SEPARATE PERMITS REQUIRED FOR MECHANICAL, ELECTRICAL, AND PLUMBING WORK.",Issued,Commercial,5625 MASTER ST,19131-3842,4,Innova Construction Group,"Innova Construction Group
1548 S 16th Street
Philadelphia, PA  19146
USA",,,,UMOJA INC,2026-09-18T04:00:00Z,commercial_fitout
FP-2026-002002,Fire Suppression,Fire Suppression Permit,Addition and/or Alterations,For an  EZ fire suppression installation for a commercial kitchen hood. ,Issued,Commercial,4637 FRANKFORD AVE,19124-5803,7,DC MECHANICAL II LLC,"DC MECHANICAL II LLC
3599 Nottingham Lane
Philadelphia, PA  19114
USA",,,,4637 FRANKFORD AQUISITIONS LLC,2026-09-18T04:00:00Z,kitchen_bath;commercial_fitout
ZP-2026-008564,Zoning,Zoning Permit,Change of Use,Eating and Drinking Establishments - Sit-Down Restaurant,Issued,Commercial,6113 WOODLAND AVE,19142-2418,2,Shay Argaman,"Shay Argaman
3025 master st
Apt B
Philadelphia, PA  19121
USA",,,,"SHERIF HAWA, SHERIF BINTU",2026-09-17T23:25:29Z,commercial_fitout
ZP-2026-008985,Zoning,Zoning Permit,Change of Use,Limited Lodging,Issued,Residential,2905 WHARTON ST,19146,2,,,,,,YANG JENNY,2026-09-17T17:56:38Z,commercial_fitout
ZP-2026-009076,Zoning,Zoning Permit,Change of Use,"Retail Sales - Food, Beverages, and Groceries",Issued,Commercial,4973 LANCASTER AVE,19131-4604,4,US NATIONAL TAX SERVICES INC,"US NATIONAL TAX SERVICES INC
2824 COTTMAN AVE STE 10
Philadelphia, PA  19149
USA",,,,ALAM MAHABUBUL,2026-09-17T17:10:56Z,commercial_fitout
ZP-2026-009329,Zoning,Zoning Permit,Change of Use,Eating and Drinking Establishments - Prepared Food Shop,Issued,Commercial,5134 N 5TH ST,19120-3309,8,MARANGELLY BURGOS,"MARANGELLY BURGOS
1516 E WINGOHOCKING ST
PHILADELPHIA, PA  19124
USA",,,,THACH MINH,2026-09-17T17:07:27Z,commercial_fitout
ZP-2026-009044,Zoning,Zoning Permit,Change of Use,Personal Services,Issued,Commercial,229 CHESTNUT ST,19106-2813,1,,,,,,,2026-09-17T17:01:19Z,commercial_fitout
ZP-2026-005219,Zoning,Zoning Permit,Change of Use,Limited Lodging,Issued,Residential,2334 S WARNOCK ST,19148-3634,1,,,,,,IBROCIC DIMITRIJE,2026-09-17T15:47:57Z,commercial_fitout
ZP-2026-009291,Zoning,Zoning Permit,Change of Use,"Wholesale, Distribution, and Storage - Wholesale Sales and Distribution",Issued,Commercial,1240 E ERIE AVE,19124,7,"ALAN NOCHUMSON, ESQ.","ALAN NOCHUMSON, ESQ.
123 S BROAD ST
STE 1600
PHILADELPHIA, PA  19109
USA",,,,ERIE PLAZA PHILADELPHIA L,2026-09-17T15:41:05Z,commercial_fitout
ZP-2026-009265,Zoning,Zoning Permit,Change of Use,Residential - Household Living - Multi-Family,Issued,Commercial,301 RACE ST,19106-1824,1,DAVID MCARTHUR,"DAVID MCARTHUR
2315 ALMOND STREET
PHILADELPHIA, PA  19125
USA",,,,,2026-09-17T15:24:11Z,commercial_fitout
ZP-2026-009487,Zoning,Zoning Permit,Change of Use,Residential - Household Living - Two-Family,Issued,Commercial,2556 GERMANTOWN AVE,19133-1637,5,,,,,,GIPG LLC,2026-09-17T14:29:51Z,commercial_fitout
ZP-2026-009481,Zoning,Zoning Permit,Change of Use,Limited Lodging,Issued,Residential,118 CUTHBERT ST,19106-2235,1,,,,,,WILLOUGHBY KRISTA KOSHUTA,2026-09-17T13:23:34Z,commercial_fitout
ZP-2026-009341,Zoning,Zoning Permit,Change of Use,Residential - Household Living - Single-Family,Issued,Residential,2124 UNRUH AVE,19149-2315,6,Landmark Architectural Design LLC ,"Landmark Architectural Design LLC 
1303 S BROAD STREET
PHILADELPHIA, PA  19147
USA",,,,"CAO WEN RUI, LI LIAN ZHI",2026-09-17T13:04:48Z,commercial_fitout
CP-2026-004705,Building,Commercial Building Permit,Commercial Make Safe Permit,"FOR THE REPLACEMENT OF THE DAMAGED JOISTS AND THE REPOINTING OF THE FRONT EXTERIOR WALL TO RESOLVE CF-2026-092746. ALL WORK TO BE DONE PER APPROVED PLANS AND ENGINEERING INSPECTION LETTER. IF FIELD CONDITIONS VARY CONTACT DESIGN ENGINEER PRIOR TO THE START OF ANY WORK. A SEPARATE PERMIT IS REQUIRED FOR ANY ADDITIONAL ALTERATIONS THAT ARE NOT SPECIFICALLY ADDRESSED ON CF-2026-092746. ""IN ACCORDANCE WITH CODE BULLETIN PM-1801, A PA PROFESSIONAL ENGINEER IS REQUIRED TO MONITOR REPAIRS MADE UNDER THIS PERMIT. THE ENGINEER MUST SUBMIT A SEALED STATEMENT TO THE DEPARTMENT CONFIRMING THAT THE STRUCTURE IS IN SOUND CONDITION AT COMPLETION.""",Issued,Commercial,329-31 FAIRMOUNT AVE,19123-2917,1,TBC LLC,"TBC LLC
1546 PACKER AVE
LOWER LEVEL
PHILADELPHIA, PA  19145
USA",,,,"BABUSIK FRANK, ANNA",2026-09-17T04:00:00Z,commercial_fitout
CP-2026-005180,Building,Commercial Building Permit,Addition and/or Alteration,"FOR LEVEL II ALTERATIONS TO INCLUDE STRUCTURAL WORK, NEW PARTITIONS, DOORS, FIXTURES, FURNISHING, FINISHES AS PER APPROVED PLANS. SEPARATE PERMITS REQUIRED FOR MEP AND FIRE SUPPRESSION WORK. *2021 IEBC* ",Issued,Commercial,1411 N FRAZIER ST,19131,4,Innova Construction Group,"Innova Construction Group
1548 S 16th Street
Philadelphia, PA  19146
USA",,,,,2026-09-17T04:00:00Z,commercial_fitout
CP-2026-005206,Building,Commercial Building Permit,Addition and/or Alteration,"FOR LEVEL II INTERIOR ALTERATIONS WITHOUT A CHANGE IN USE & OCCUPANCY CLASSIFICATION TO EXISTING GROUP R-2 CONDOMINIUM UNIT #2203 ON THE 22ND FLOOR. BUILDING IS FULLY SPRINKLERED. INTERIOR RENOVATION CONSISTING OF INSTALLATION OF ONE NEW VENT-FREE GAS FIREPLACE UTILIZING EXISTING GAS AND ELECTRICAL ROUGH-INS; CONSTRUCTION OF A NONCOMBUSTIBLE FIREPLACE ENCLOSURE; RELOCATION OF SELECTED ELECTRICAL DEVICES TO ACCOMODATE FIREPLACE AND ASSOCIATED FINISH WORK. NO STRUCTURAL MODIFICATIONS ARE INCLUDED.
 ALL WORK TO BE DONE PER APPROVED PLANS AND IN ACCORDANCE WITH 2021 IEBC. SEPARATE PERMITS REQUIRED FOR ELECTRICAL, PLUMBING, AND FIRE SUPPRESSION WORK.",Issued,Commercial,301 S BROAD ST,19107-6298,1,COLLEEN HARTER,"COLLEEN HARTER
JG CONTRACTING LLC
306 SILVER AVENUE
WILLOW GROVE, PA  19090
USA",,,,BROAD & SPRUCE ASSO,2026-09-17T04:00:00Z,commercial_fitout
CP-2026-005135,Building,Commercial Building Permit,Addition and/or Alteration,"FOR LEVEL 2 INTERIOR ALTERATIONS TO ERECT A CHILDREN'S PLAY/CLIMBING STRUCTURE WITHIN THE EXISTING GROUP A-3 PLEASE TOUCH MUSEUM. ALL WORK TO BE DONE PER APPROVED PLANS AND IN ACCORDANCE WITH 2021 IEBC AND PHC APPROVAL. EXISTING BUILDING IS FULLY SPRINKLERED. SEPARATE PERMITS REQUIRED FOR ANY MECHANICAL, ELECTRICAL, PLUMBING, AND FIRE SUPPRESSION WORK. SEE MI-2026-002765 FOR BBS VARIANCE GRANTED ON 5/14/2026. 
BBS Provisos:
1. Sprinkler system to be extended to protect play structure in event of fire in any location in the enclosing room of the play structure.
2. Top covering of play structure to be mesh.",Issued,Commercial,4201 AVENUE OF THE REPUBLIC,19131-3719,4,DENNIS joseph O'FLYNN,"DENNIS joseph O'FLYNN
1126 Taylor ave
westchester, PA  19380
USA",,,,PLEASE TOUCH MUSEUM,2026-09-17T04:00:00Z,new_construction;commercial_fitout
CP-2026-005020,Building,Commercial Building Permit,Addition and/or Alteration,"FOR THE REMOVAL AND REPLACEMENT OF ONE (1) PAINT SPRAY BOOTH AS PER APPROVED PLANS AND IN ACCORDANCE WITH 2021 IBC. SEPARATE PERMITS REQUIRED FOR MECHANICAL, ELECTRICAL, PLUMBING, AND SPRAY BOOTH FIRE SUPPRESSION SYSTEM WORK.",Issued,Commercial,1934 JOHNSTON ST,19145-4722,2,Accudraft Paint Booths,"Accudraft Paint Booths
961 Route 10 East
Suite 2K
Randolph, NJ  07869
USA",,,,SEPTA,2026-09-17T04:00:00Z,commercial_fitout
CP-2026-005136,Building,Commercial Building Permit,Addition and/or Alteration,"FOR LEVEL II ALTERATIONS TO EXISTING HANGER BUILDING TO CREATE ACCESSORY BUSINESS AND STORAGE SPACES TO INCLUDE NEW PARTITIONS, FIXTURES, FURNISHINGS, FINISHES AS PER APPROVED PLANS. SEPARATE PERMITS REQUIRED FOR MEP AND FIRE SUPPRESSION WORK. *2021 IEBC* ",Issued,Commercial,9901 E ROOSEVELT BLVD,19114,10,FORMCRAFT INTERIORS INC,"FORMCRAFT INTERIORS INC
2001 Market Street 
Suite 520
Philadelphia, PA  19103
USA",,,,"CITY OF PHILA, DEPT OF PUBLIC PROP",2026-09-17T04:00:00Z,commercial_fitout
CP-2026-004631,Building,Commercial Building Permit,Addition and/or Alteration,FOR LEVEL II ALTERATIONS TO AN EXISTING STRUCTURE. ALTERATIONS TO INCLUDE THE ERECTION OF PARTITION WALLS ASSOCIATED WITH THE EXISTING ELEVATOR SHAFT. ALL WORK TO BE DONE PER APPROVED PLANS. IF FIELD CONDITIONS VARY CONTACT DESIGN ENGINEER PRIOR TO THE START OF ANY WORK. SEPARATE PERMITS TO BE OBTAINED FOR ALL OTHER WORK. ,Issued,Commercial,2275 BRIDGE ST,19137-1300,6,TOTAL CONSTRUCTION INC,"TOTAL CONSTRUCTION INC
601 Walnut Street, Suite L-44
Philadelphia, PA  19106
USA",,,,,2026-09-17T04:00:00Z,commercial_fitout
PP-2026-009812,Plumbing,Plumbing Permit,Alterations,"ALTERATIONS TO EXISTING COMMERCIAL BUILDING. INTERIOR INSTALLATION OF DRAINAGE, WASTE, VENT, AND WATER SUPPLY FOR LISTED FIXTURES. ALL MATERIALS SHALL BE METALLIC TO ROOF EXTENSION. VENTING TO BE DESIGNED AND INSTALLED IN ACCORDANCE WITH SECTION 919 PHILADELPHIA SINGLE STACK VENT SYSTEM. ALL WORK TO BE INSTALLED IN STRICT COMPLIANCE WITH 2021 PPC AND APPROVED PLANS",Issued,Commercial,2027 FAIRMOUNT AVE,19130-2610,5,DYLAN SLOAN,"DYLAN SLOAN
206 STRATFORD RD
GLENOLDEN , PA  19036
USA",,,,CITY OF PHILA,2026-09-17T04:00:00Z,roofing;commercial_fitout
EP-2026-003976,Electrical,Electrical Permit,Addition and/or Alteration,"Installation of electrical service equipment. Installation of fire pump and fire alarm.
Doors to the generator room and electrical service room shall swing out into the way of egress and have panic-listed hardware as per 110.26.C.3
Interior wiring throughout. Separate permits and service load calculation required for commercial fit-out; all work per approved plans",Issued,Commercial,257 S 16TH ST,19102-3324,2,EAGLE ELECTRICAL CONSTRUCTION CO INC,"EAGLE ELECTRICAL CONSTRUCTION CO INC
2521 EAST CLEARFIELD STREET
PHILADELPHIA, PA  19134
USA",,,,257 SOUTH 16TH ST LLC,2026-09-17T04:00:00Z,commercial_fitout
ZP-2026-009077,Zoning,Zoning Permit,Change of Use,"Retail Sales - Food, Beverages, and Groceries",Issued,Commercial,8617 GERMANTOWN AVE,19118-2828,8,JENNA A  DIETRICH,"JENNA A  DIETRICH
916 S. 12TH ST
#1F
PHILADELPHIA , PA  19147
USA",,,,8617 GERMANTOWN AVE LP,2026-09-16T22:44:25Z,commercial_fitout
ZP-2026-009337,Zoning,Zoning Permit,Change of Use,Residential - Household Living - Two-Family,Issued,Residential,31 S REDFIELD ST,19139-3122,3,,,,,,"SETTLES ETHELYN D, MCNEELY MYRON",2026-09-16T16:24:37Z,commercial_fitout
ZP-2026-009133,Zoning,Zoning Permit,Change of Use,"Retail Sales - Food, Beverages, and Groceries; Retail Sales - Consumer Goods",Issued,Commercial,5603-07 WALNUT ST,19139-3918,3,Tina Accounting & Tax Services Inc,"Tina Accounting & Tax Services Inc
3629 Frankford Ave
Philadelphia, PA  19134
USA",,,,FITZGERALD DAVID JR,2026-09-16T16:03:04Z,commercial_fitout
ZP-2026-009400,Zoning,Zoning Permit,Change of Use,Eating and Drinking Establishments - Sit-Down Restaurant,Issued,Commercial,3501 HAVERFORD AVE,19104-1910,3,,,,,,RENTMEEASY LLC,2026-09-16T15:03:40Z,commercial_fitout
ZP-2026-004581,Zoning,Zoning Permit,Change of Use,"Retail Sales - Food, Beverages, and Groceries",Issued,Commercial,9257R E ROOSEVELT BLVD,19114-2205,6,LIBIO MATOS USA REMODELING CONSTRUCTION,"LIBIO MATOS USA REMODELING CONSTRUCTION
2633 KENSINGTON AVENUE
PHILADELPHIA, PA  19125
USA",,,,"THOMAS GEORGE, CICELY GEORGE",2026-09-16T13:56:23Z,commercial_fitout
ZP-2026-008835,Zoning,Zoning Permit,Change of Use,Business Support; Research and Development,Issued,Commercial,1500-30 SPRING GARDEN ST,19130-4009,5,Klehr Harrison Harvey Branzburg LLP,"Klehr Harrison Harvey Branzburg LLP
1835 Market Street
Suite 1400
Philadelphia, PA  19103
USA",,,,1500 NET WORKS ASSOCIATES,2026-09-16T13:26:56Z,commercial_fitout
ZP-2026-009148,Zoning,Zoning Permit,Change of Use,Child Care - Child Care Center,Issued,Commercial,2123 DICKINSON ST,19146-4503,2,,,,,,BOOSTRAP BOWTIE 1031 EASY,2026-09-16T13:05:53Z,commercial_fitout
CP-2026-004813,Building,Commercial Building Permit,Addition and/or Alteration,"FIT-OUT OF SHELL COMMERCIAL SPACE C2 ON THE GROUND FLOOR OF A NEW CONSTRUCTION BUILDING (SEE PERMIT CP-2025-002144) FOR RETAIL SALES OF CONSUMER GOODS AND FOOD, BEVERAGES & GROCERIES AS PER APPROVED PLANS. BUILDING TO BE FULLY SPRINKLERED. *2021 IBC REVIEW*
**SEPARATE PERMITS REQUIRED FOR ANY MEP OR FIRE SUPPRESSION WORK**",Issued,Commercial,3401 HAMILTON ST,19104-2076,3,ABIOLA CONSTRUCTION INC,"ABIOLA CONSTRUCTION INC
1214 S 53RD STREET
PHILADELPHIA, PA  19143
USA",,,,3401 HAMILTON LLC,2026-09-16T04:00:00Z,new_construction;commercial_fitout
CP-2026-005645,Building,Commercial Building Permit,Addition and/or Alteration,"FOR PARTIAL CHANGE OF OCCUPANCY COMBINING USES OF 603 AND 605 E GIRARD THROUGH RECORDED EASEMENT AGREEMENT FOR USE AS CHILD CARE CENTER AND TOTAL FIVE (5) DWELLING UNITS AND LEVEL II ALTERATIONS TO INCLUDE BREACH, STRUCTURAL WORK, NEW PARTITIONS, DOORS, FIXTURES, FURNISHINGS, FINISHES AS PER APPROVED PLANS. SEPARATE PERMITS REQUIRED FOR ANY MEP AND FIRE SUPPRESSION WORK. *IEBC 2021* *2ND & 3RD FLOOR PLANS APPROVED UNDER AP#575354 & #576814 (PLANS INCLUDED FOR REFERENCE UNDER THIS APPLICATION NO WORK AT UPPER FLOORS)*   ",Issued,Commercial,603 E GIRARD AVE,19125-3408,5,EXCLUSIVE PROPERTY SERVICES INC,"EXCLUSIVE PROPERTY SERVICES INC
1819 Garfield Ave
Croydon, PA  19021
USA",,,,GIRARD CAPITAL INVESTMENT,2026-09-16T04:00:00Z,commercial_fitout
FP-2026-001844,Fire Suppression,Fire Suppression Permit,Addition and/or Alterations,"EZ PERMIT SPRINKLER RELOCATION (NFPA 13)- For the relocation of sprinkler heads as per attached standards. Deviations from these standards require submission of construction and site plans.

Relocate 20 existing heads for tenant fit-out.",Issued,Commercial,1901-19 E YORK ST,19125-1213,7,METROPOLITAN FIRE PROTECTION,"METROPOLITAN FIRE PROTECTION
839 Sussex Blvd
Broomall, PA  19008
USA",,,,1901 EAST YORK STREET OWNER LLC,2026-09-16T04:00:00Z,commercial_fitout
CP-2026-004747,Building,Commercial Building Permit,Addition and/or Alteration,"FIT-OUT OF SHELL FLOORS 9 & 10 IN A NEW CONSTRUCTION BUILDING (SEE PERMIT CP-2022-006497) FOR RESEARCH AND DEVELOPMENT & BUSINESS AND PROFESSIONAL OFFICES AS PER APPROVED PLANS BUILDING TO BE FULLY SPRINKLERED. *2021 IBC REVIEW*
**SEPARATE PERMITS REQUIRED FOR MEP & FIRE SUPPRESSION WORK**",Issued,Commercial,2716 SOUTH ST,19146-2305,2,LF Driscoll Company LLC,"LF Driscoll Company LLC
",,,,CHILDREN'S HOSP OF PHILA,2026-09-16T04:00:00Z,new_construction;commercial_fitout
ZP-2026-009272,Zoning,Zoning Permit,Change of Use,Residential - Household Living - Single-Family,Issued,Residential,106 W NEDRO AVE,19120-2424,9,GAOFENG ZHENG,"GAOFENG ZHENG
106 ABBEY RD
 VOORHEES , NJ  08043
USA",,,,"NGO DUY, VU THOMAS",2026-09-16T02:41:06Z,commercial_fitout
ZP-2026-009215,Zoning,Zoning Permit,Change of Use,Retail Sales - Consumer Goods,Issued,Commercial,2327-83 COTTMAN AVE,19149-1002,6,Qi Chen,"Qi Chen
8846 Manchester Ave
Philadelphia, PA  19152
USA",,,,CENTRO NP ROOSEVELT MALL OWNER LLC,2026-09-15T22:58:20Z,commercial_fitout
ZP-2026-008570,Zoning,Zoning Permit,Change of Use,Residential - Household Living - Two-Family,Issued,Residential,6049 DELANCEY ST,19143-1111,3,ANDI  VELIU,"ANDI  VELIU
4128 CARTERET DR
PHILA, PA  19114
USA",,,,NOAHS ARK HOLDINGS LLC,2026-09-15T22:26:41Z,commercial_fitout
ZP-2026-008568,Zoning,Zoning Permit,Change of Use,Residential - Household Living - Two-Family,Issued,Residential,4526 N 15TH ST,19140-1102,8,ANDI  VELIU,"ANDI  VELIU
4128 CARTERET DR
PHILA, PA  19114
USA",,,,THOMAS LAMONT,2026-09-15T22:26:40Z,commercial_fitout
ZP-2026-009002,Zoning,Zoning Permit,Change of Use,Residential - Household Living - Single-Family,Issued,Residential,835 N TAYLOR ST,19130-1927,5,,,,,,,2026-09-15T21:00:42Z,commercial_fitout
ZP-2026-008947,Zoning,Zoning Permit,Change of Use,Retail Sales - Consumer Goods; Eating and Drinking Establishments - Prepared Food Shop,Issued,Commercial,6237-45 GERMANTOWN AVE,19144-2033,8,Christopher Johnson,"Christopher Johnson
2713 W. Sedgley Avenue
Philadelphia, PA  19127
USA",,,,AR DEV 2 LLC,2026-09-15T20:03:02Z,commercial_fitout
ZP-2026-009195,Zoning,Zoning Permit,Change of Use,"Retail Sales - Food, Beverages, and Groceries",Issued,Commercial,920-28 MARKET ST,19107-4226,1,Interface Studio Architects LLC,"Interface Studio Architects LLC
1400 N American Street
#301
Philadelphia, PA  19122
USA",,,,MARKET STREET 9TH PARTNERS LLC,2026-09-15T18:14:10Z,commercial_fitout
ZP-2026-009204,Zoning,Zoning Permit,Change of Use,Retail Sales - Wearing Apparel and Accessories; Retail Sales - Consumer Goods,Issued,Commercial,2655 S 7TH ST,19148-4609,1,,,,,,"OEUN PHISETH, TEA KIMMUOY",2026-09-15T17:16:03Z,commercial_fitout
ZP-2026-009049,Zoning,Zoning Permit,Change of Use,Residential - Household Living - Multi-Family,Issued,Commercial,6025 E ROOSEVELT BLVD,19149-3345,7,"Karbon Architects, LLC","Karbon Architects, LLC
2530 E Lehigh Ave
Philadelphia, PA  19125
USA",,,,OAKLAND TERRACE 2012 LP,2026-09-15T16:33:19Z,commercial_fitout
CP-2026-005489,Building,Commercial Building Permit,Addition and/or Alteration,"FOR LEVEL II ALTERATIONS TO INCLUDE NEW PARTITIONS, FIXTURES, FURNISHING, FINISHES AS PER APPROVED PLANS. SEPARATE PERMITS REQUIRED FOR ANY MEP AND FIRE SUPPRESSION WORK. *2021 IEBC* ",Issued,Commercial,2001 MARKET ST,19103-7044,5,D LAURO & RODGERS INC,"D LAURO & RODGERS INC
175 COMMERCE DRIVE 
FORT WASHINGTON, PA  19034
USA",,,,PHILA PLAZA PHAZE II,2026-09-15T04:00:00Z,commercial_fitout
EP-2026-007603,Electrical,Electrical Permit,Addition and/or Alteration,"Install a complete fire alarm system for a commercial restaurant tenant space, including all required initiating devices, notification appliances, control equipment, modules and wiring necessary for a complete and operational fire alarm system.

All work shall be performed in accordance with the 2019 NFPA 72, the 2017 NEC and the approved plans.",Issued,Commercial,4040 CITY AVE,19131-1707,4,Witness Security Solutions LLC,"Witness Security Solutions LLC
205 Rick Rd
Milford, NJ  08848
USA",,,,4040 CITY LLC,2026-09-15T04:00:00Z,commercial_fitout
CP-2025-006232,Building,Commercial Building Permit,New Construction,"COMPLETION OF THE NEW CONSTRUCTION (SEE ORIGINAL PERMIT CP-2020-005402) OF A THREE-STORY BUILDING WITH BASEMENT AND PRIVATE ROOF DECK WITH PILOT HOUSE FOR USE AS A THREE (3) FAMILY DWELLING AS PER APPROVED PLANS. BUILDING TO BE FULLY SPRINKLERED. *2018 IBC REVIEW*
**SEPARATE PERMITS REQUIRED FOR MEP & FIRE SUPPRESSION WORK**
",Issued,Commercial,1313 N 22ND ST,19121-4802,5,First Choice Renovations LLC,"First Choice Renovations LLC
383 E Street rd
STE 3
Feasterville, PA  19053
USA",,,,CIVETTA PROPERTY GROUP LLC,2026-09-15T04:00:00Z,pool_deck_fence;new_construction;commercial_fitout
CP-2026-004958,Building,Commercial Building Permit,Commercial Make Safe Permit,"**MAKE SAFE PERMIT** FOR THE SISTERING OF JOIST AND ROOF REPAIRS TO COMPLY WITH VIOLATION CASE #CF-2026-080935. NOT TO EXCEED SCOPE OF WORK NOTED IN ENGINEER'S REPORT AND SHOWN ON APPROVED PLANS. SEPARATE PERMITS REQUIRED FOR ANY ADDITIONAL ALTERATIONS THAT ARE NOT SPECIFICALLY ADDRESSED ON THE VIOLATIONS. IN ACCORDANCE WITH CODE BULLETIN PM-1801, A PA PROFESSIONAL ENGINEER IS REQUIRED TO MONITOR REPAIRS MADE UNDER THIS PERMIT. THE ENGINEER MUST SUBMIT A SEALED STATEMENT TO THE DEPARTMENT CONFIRMING THAT THE STRUCTURE IS IN SOUND CONDITION AT COMPLETION.",Issued,Commercial,32-42 BANK ST,19106-2811,1,C & G CONTRACTING CO INC,"C & G CONTRACTING CO INC
970 RIVER RD
CROYDON, PA  19021
USA",,,,APPLE HOSTELS OF PHILADEL,2026-09-15T04:00:00Z,roofing;commercial_fitout
CP-2026-004675,Building,Commercial Building Permit,Addition and/or Alteration,FOR LEVEL II INTERIOR ALTERATIONS INCLUDING STRUCTURAL WORK ON SPACE #5 TO INCLUDE AN ADA TOILET PER APPROVED PLANS. SEPARATE FIT-OUT PERMIT & USE REGISTRATION PERMITS REQUIRED PRIOR TO OCCUPANCY.,Issued,Commercial,1701 MARKET ST,19103-2903,5,LJM PARTNERS LLC,"LJM PARTNERS LLC
2 Town Pl
Suite 220
Bryn Mawr, PA  19010
USA",,,,1701 MARKET LLC,2026-09-15T04:00:00Z,commercial_fitout
CP-2026-004664,Building,Commercial Building Permit,Addition and/or Alteration,FOR A LEVEL II INTERIOR ALTERATIONS (NO CHANGE IN OCCUPANCY ) TO A PORTION OF THE 2ND AND 4TH FLOOR LEVEL OF AN EXISTING STRUCTURE.  ALL WORK TO BE DONE PER APPROVED PLANS.** IF FIELD CONDITIONS VARY CONTACT DESIGN ENGINEER PRIOR TO THE START OF ANY WORK**IEBC 2021**EXISTING BUILDING FULLY SPRINKLERED** SEPARATE PERMITS REQUIRED FOR ALL OTHER WORK**,Issued,Commercial,325-41 CHESTNUT ST,19106-2614,1,TOTAL CONSTRUCTION INC,"TOTAL CONSTRUCTION INC
601 Walnut Street, Suite L-44
Philadelphia, PA  19106
USA",,,,KREF LENDING III LLC,2026-09-15T04:00:00Z,commercial_fitout
CP-2026-001124,Building,Commercial Building Permit,Addition and/or Alteration,"LEVEL II INTERIOR ALTERATIONS (NO CHANGE OF OCCUPANCY) FOR RENOVATIONS TO EXISTING MEDICAL OFFICE (OUTPATIENT SURGERY CENTER) ONE THE FIRST FLOOR OF AN EXISTING BUILDING AS PER APPROVED PLANS AND PA DOH APPROVAL. EXISTING BUILDING SPRINKLERED. *2018 IEBC REVIEW*
**SEPARATE PERMITS REQUIRED FOR ANY MEP OR FIRE SUPPRESSION WORK**",Issued,Commercial,8400A E ROOSEVELT BLVD,19152-2012,10,PATRIOT CONSTRUCTION,"PATRIOT CONSTRUCTION
950 Calcon Hook Rd
Suite 25
Sharon Hill, PA  19079
USA",,,,PANNYPACK ASSOC L P,2026-09-15T04:00:00Z,commercial_fitout
CP-2026-004935,Building,Commercial Building Permit,Addition and/or Alteration,"FOR LEVEL II ALTERATIONS & PARTIAL CHANGE OF OCCUAPNCY TO AN EXISTING TENANT SPACE FOR USE AS A CILDCARE CENTER (E OCCUPANCY), ALTERATIONS TO INCLUDE THE ERECTION OF PARTITION WALLS, PROVIDE FINISHES/FURNISHINGS AND ACCESSIBILITY IMPROVEMENTS THROUGHOUT. ALL WORK TO BE DONE PER APPROVED PLANS. IF FIELD CONDITIONS VARY CONTACT DESIGN ENGINEER PRIOR TO THE START OF ANY WORK. SEPARATE PERMITS TO BE OBTAINED FOR ALL OTHER WORK.",Issued,Commercial,605 N 35TH ST,19104-1901,3,Phamily Tree LLC,"Phamily Tree LLC
6 Flagstone Drive
Sicklerville, NJ  08081
USA",,,,STRONG PROPERTIES LLC,2026-09-15T04:00:00Z,commercial_fitout
CP-2026-005214,Building,Commercial Building Permit,Addition and/or Alteration,"FOR ALTERATIONS TO FRONT ENTRANCE/FACADE PER APPROVED PLANS.  SEPARATE PERMITS REQUIRED FOR MECHANICAL, ELECTRICAL AND PLUMBING WORK.",Issued,Commercial,4021 MARKET ST,19104-3002,3,HUANGS REPAIRING COMPANY LLC,"HUANGS REPAIRING COMPANY LLC
909 MOUNTAIN ST
PHILADELPHIA, PA  19148
USA",,,,JK MARKET LLC,2026-09-15T04:00:00Z,commercial_fitout
EP-2026-007200,Electrical,Electrical Permit,Addition and/or Alteration,"installation of lighting fixtures, switches, exit signs, emergency lighting, telecommunication wiring and receptacles outlets to a commercial space.   Install branch circuits to supply power to appliances and HVAC equipment.   All work to be perform according to the 2020 NEC and per approved plans. ",Issued,Commercial,824 N 2ND ST,19123-3010,1,FRED DINARDO JR,"FRED DINARDO JR
2516 S. CHADWICK ST
PHILADELPHIA, PA  19145
USA",,,,820 N 2ND REALTY PARTNERS L.P.,2026-09-15T04:00:00Z,hvac;commercial_fitout
EP-2026-003495,Electrical,Electrical Permit,Addition and/or Alteration,"Install complete fire alarm system per approved drawings : automatic smoke detection & notification appliances in throughout commercial area, low frequency horns 
in sleeping areas (living rms and bedrooms) ,110v interconnected smoke/CO alarms in apartment.
-NOTED : HEAT DETECTOR IN COMMERCIAL BATHROOM-",Issued,Commercial,6243 OGONTZ AVE,19141-1412,8,RICHARD CHRISTOPHER,"RICHARD CHRISTOPHER
948 Rundale Avenue
Yeadon, PA  19050
USA",,,,KATCHEKPELE OBE ANNE MARIE,2026-09-15T04:00:00Z,kitchen_bath;commercial_fitout
MP-2026-004603,Mechanical,Mechanical / Fuel Gas Permit,Addition and/or Alterations,"FOR THE INSTALLATION OF FIVE (5) TYPE 1 COMMERCIAL KITCHEN HOODS (8'-0"") AND ASSOCIATED DUCTWORK, FANS AS PER APPROVED PLANS. SEPARATE PERMITS REQUIRED FOR ELECTRICAL AND FIRE SUPPRESSION WORK.  **IMC 2018** ",Issued,Commercial,2104-06 MARKET ST,19103-3103,5,SUN GENERAL CONSTRUCTION LLC,"SUN GENERAL CONSTRUCTION LLC
547 MOORE STREET
PHILADELPHIA, PA  19148
USA",,,,2100 MARKET LP,2026-09-15T04:00:00Z,hvac;kitchen_bath;commercial_fitout
CP-2026-003511,Building,Commercial Building Permit,Commercial Make Safe Permit,MAKE SAFE PERMIT TO COMPLY WITH CF-2025-029967 TO INCLUDE PARTIAL DEMOLITION AND REPAIRS/REPLACEMENT OF EXTERIOR WALL AND FRAMING PER APPROVED PLANS AND IN ACCORDANCE WITH CODE BULLETIN PM-1801.  LICENSED PA PROFESSIONAL ENGINEER IS REQUIRED TO MONITOR REPAIRS MADE UNDER THIS PERMIT.  THE ENGINEER MUST SUBMIT A SEALED STATEMENT TO THE DEPARTMENT CONFIRMING THAT THE STRUCTURE IS IN SOUND CONDITION AT COMPLETION.  SEPARATE PERMITS REQUIRED FOR ADDITIONAL ALTERATIONS NOT ADDRESSED IN APPROVED PLANS. ,Issued,Commercial,1327-31 N 5TH ST,19122-4303,5,"Bridge One Construction, LLC","Bridge One Construction, LLC
114 Chestnut Street, 4th Flr
Philadelphia, PA  19106
USA",,,,1327-31 N 5TH ST LLC,2026-09-15T04:00:00Z,demolition;commercial_fitout
CP-2026-005318,Building,Commercial Building Permit,Commercial Make Safe Permit,"FOR THE STRUCTURAL REPAIR TO EXTERIOR WALL, JOISTS AND ROOF TO RESOLVE CASE #CF-2026-092776. A SEPARATE PERMIT IS REQUIRED FOR ANY ADDITIONAL ALTERATIONS THAT ARE NOT SPECIFICALLY ADDRESSED ON THE REFERENCED CASE FILE(S).
** PERMIT INCLUDES REMOVAL OF MORE THAN 2/3 OF STRUCTURAL FRAMING MEMBERS - DEMOLITION PERMIT  REQUIRED IF ANY PORTION OF THE EXTERIOR WALL IS REMOVED AS A RESULT OF THIS PERMIT OR FUTURE PLANNED DEVELOPMENT IN ACCORDANCE WITH SECTION 14-305(6)(G) OF THE PHILADELPHIA ZONING CODE **
",Issued,Commercial,329-31 FAIRMOUNT AVE,19123-2917,1,TBC LLC,"TBC LLC
1546 PACKER AVE
LOWER LEVEL
PHILADELPHIA, PA  19145
USA",,,,"BABUSIK FRANK, ANNA",2026-09-15T04:00:00Z,roofing;demolition;commercial_fitout
CP-2026-004645,Building,Commercial Building Permit,Addition and/or Alteration,"LEVEL II INTERIOR ALTERATIONS (NO CHANGE OF OCCUPANCY) FOR RENOVATIONS TO EXISTING TOILET ROOMS ON THE 7TH FLOOR OF AN EXISTING HIGH-RISE OFFICE BUILDING AS PER APPROVED PLANS. EXISTING BUILDING FULLY SPRINKLERED. *2021 IEBC REVIEW*
**SEPARATE PERMITS REQUIRED FOR ANY MEP OR FIRE SUPPRESSION WORK**",Issued,Commercial,1650 MARKET ST,19103-7301,5,MJ SETTELEN CONSTRUCTION LLC,"MJ SETTELEN CONSTRUCTION LLC
230 S BROAD ST
SUITE 1100
PHILADELPHIA, PA  19102
USA",,,,PHILA LIBERTY PLA E LP,2026-09-15T04:00:00Z,commercial_fitout
ZP-2026-009209,Zoning,Zoning Permit,Change of Use,Residential - Household Living - Single-Family,Issued,Residential,1642 FORRESTAL ST,19145-5803,2,B&K GENERAL CONTRACTING LLC,"B&K GENERAL CONTRACTING LLC
2235 S 20TH STREET
PHILADELPHIA, PA  19145
USA",,,,"JOSEPH ANGELO, JULIA",2026-09-15T03:20:50Z,commercial_fitout
ZP-2026-008941,Zoning,Zoning Permit,Change of Use,Personal Services,Issued,Commercial,1124 WALNUT ST,19107-5513,1,,,,,,PIEN SHIH TAI,2026-09-14T19:50:58Z,commercial_fitout
ZP-2026-006538,Zoning,Zoning Permit,Change of Use,Residential - Household Living - Single-Family,Issued,Residential,2314-16 E SUSQUEHANNA AVE,19125-2524,1,ORPHANIDES LAW PLLC,"ORPHANIDES LAW PLLC
1801 Montrose Street
Unit E
Philadelphia, PA  19146
USA",,,,"JASINSKI PATRICIA, POMROY RONALD",2026-09-14T18:27:13Z,commercial_fitout
ZP-2026-009218,Zoning,Zoning Permit,Change of Use,Eating and Drinking Establishments - Prepared Food Shop,Issued,Commercial,1429 FRANKFORD AVE,19125-4409,5,,,,,,GONZALEZ RAYMOND,2026-09-14T17:04:46Z,commercial_fitout
CP-2026-000479,Building,Commercial Building Permit,New Construction,"NEW CONSTRUCTION OF A THREE-STORY BUILDING WITH BASEMENT AND TWO PRIVATE ROOF DECKS WITH PILOT HOUSES FOR USE AS FOUR (4) DWELLING UNITS AS PER APPROVED PLANS. BUILDING TO BE FULLY SPRINKLERED PER NFPA 13. WORK TO INCLUDE UNDERPINNING OF ADJACENT BUILDING TO BE MONITORED BY A PA LICENSED PE AT ALL TIMES. *2018 IBC REVIEW*
**SEPARATE PERMITS REQUIRED FOR EXCAVATION, MEP & FIRE SUPPRESSION WORK**",Issued,Commercial,2705 INGRAM ST,19146-3744,2,GVD Construction Group LLC,"GVD Construction Group LLC
411 Boulevard of the Americas
Ste 111
Lakewood, NJ  08701
USA",,,,,2026-09-14T04:00:00Z,new_construction;commercial_fitout
PP-2026-008289,Plumbing,Plumbing Permit,New Construction or Additions,"NEW CONSTRUCTION OF MIXED USE BUILDING. EXTERIOR INSTALLATION OF CURB TRAP, FAI, MAIN DRAIN, AND 1 1/2"" WATER DISTRIBUTION PIPE. INTERIOR INSTALLATION OF DRAINAGE, WASTE, VENT, AND WATER SUPPLY FOR LISTED FIXTURES. ALL MATERIALS SHALL BE METALLIC TO ROOF EXTENSION FOR PIPING SERVING FIXTURES IN COMMERCIAL SPACES. VENTING TO BE DESIGNED AND INSTALLED IN ACCORDANCE WITH SECTION 919 PHILADELPHIA SINGLE STACK VENT SYSTEM. ALL WORK TO BE INSTALLED IN STRICT COMPLIANCE WITH 2021 PPC AND APPROVED PLANS.",Issued,Commercial,1441 GERMANTOWN AVE,19122-3706,7,Gaceta Plumbing LLC,"Gaceta Plumbing LLC
899 Old White Horse Pike
Waterford Works, NJ  08089
USA",,,,,2026-09-14T04:00:00Z,roofing;new_construction;commercial_fitout
EP-2026-007620,Electrical,Electrical Permit,Addition and/or Alteration,"Provide an interior electrical fit-out for a women's club tenant space on the third floor. Install lighting fixtures, lighting controls, exit signs, and emergency lighting.     Install branch circuits to supply power to receptacle outlets, appliances, and HVAC equipment, 

All work shall be performed in accordance with the 2020 NEC and the approved plans.

",Issued,Commercial,1616 LATIMER ST,19103-6308,2,Hoyer Electrical Contractors Inc,"Hoyer Electrical Contractors Inc
2261 CORSON LN
PLYMOUTH MEETING , PA  19462
USA",,,,"COSMOPOLITAN CLUB OF, PHILA INC",2026-09-14T04:00:00Z,hvac;commercial_fitout
EP-2026-008494,Electrical,Electrical Permit,Addition and/or Alteration,"Provide electrical work for a commercial space, including installation of lighting, branch circuit wiring, and a fire alarm system. Provide all associated wiring, lighting fixtures, receptacle outlets, devices, equipment and overcurrent protection.

All work shall be performed in accordance with the 2019 NFPA 72, the 2020 NEC and the approved plans.",Issued,Commercial,1800 JOHN F KENNEDY BLVD,19103-2925,5,J.W. Carrigan,"J.W. Carrigan
8 Union Hill Road
Suite 100
West Conshohocken, PA  19428
USA",,,,BELL ATLANTIC,2026-09-14T04:00:00Z,commercial_fitout
CP-2026-004251,Building,Commercial Building Permit,Addition and/or Alteration,LEVEL II INTERIOR ALTERATIONS (NO CHANGE IN OCCUPANCY ) TO A PORTION OF THE 9TH FLOOR OF AN EXISTING STRUCTURE. WORK TO ALSO INCLUDE A LEVEL i ALTERATION ON THE 12TH AND 15TH FLOOR. ALL WORK TO BE DONE PER APPROVED PLANS.** IF FIELD CONDITIONS VARY CONTACT DESIGN ENGINEER PRIOR TO THE START OF ANY WORK**IEBC 2018**EXISTING BUILDING FULLY SPRINKLERED** SEPARATE PERMITS REQUIRED FOR ALL OTHER WORK**,Issued,Commercial,1880 JOHN F KENNEDY BLVD,19103-7422,5,MMB CONTRACTORS INC,"MMB CONTRACTORS INC
240 N. 13TH STREET
PHILADELPHIA, PA  19107
USA",,,,JFK INVESTMENT ASSOCIATES,2026-09-14T04:00:00Z,commercial_fitout
CP-2026-005175,Building,Commercial Building Permit,Addition and/or Alteration,FOR A LEVEL II INTERIOR ALTERATIONS TO INCLUDE A CHANGE IN OCCUPANCY TO ACCOMMODATE A PORTION OF THE 1ST FLOOR LEVEL OF AN EXISTING STRUCTURE.  TO CREATE A BUSINESS OCCUPANCY. ALL WORK TO BE DONE PER APPROVED PLANS.** IF FIELD CONDITIONS VARY CONTACT DESIGN ENGINEER PRIOR TO THE START OF ANY WORK**IEBC 2021**EXISTING BUILDING FULLY SPRINKLERED** SEPARATE PERMITS REQUIRED FOR ALL OTHER WORK**,Issued,Commercial,1833 HOPE ST,,7,US ELECTRICAL CONSTRUCTION CO INC,"US ELECTRICAL CONSTRUCTION CO INC
79 SOUTH MAIN STREET
MULLICA HILL, NJ  08062
USA",,,,,2026-09-14T04:00:00Z,commercial_fitout
CP-2026-000499,Building,Commercial Building Permit,New Construction,"NEW CONSTRUCTION OF A THREE-STORY BUILDING WITH BASEMENT AND A PRIVATE ROOF DECK WITH PILOT HOUSE FOR USE AS THREE (3) DWELLING UNITS AS PER APPROVED PLANS. BUILDING TO BE FULLY SPRINKLERED PER NFPA 13. *2018 IBC REVIEW* **SEPARATE PERMITS REQUIRED FOR EXCAVATION, MEP & FIRE SUPPRESSION WORK**",Issued,Commercial,2705 INGRAM ST,19146-3744,2,GVD Construction Group LLC,"GVD Construction Group LLC
411 Boulevard of the Americas
Ste 111
Lakewood, NJ  08701
USA",,,,,2026-09-14T04:00:00Z,pool_deck_fence;new_construction;commercial_fitout
EP-2025-011295,Electrical,Electrical Permit,New Construction,"INSTALL 400 AMP ELECTRICAL SERVICE AND 4 METER PACKS WITH PROPER GROUNDING AND BONDING.  INSTALL ONE 100 AMP SUBPANELS FOR  HOUSE, ONE 200 AMP SUBPANEL FOR COMMERCIAL SPACE AND ONE 125 AMP SUBPANEL FOR 1 DWELLING UNITS.   INSTALL WIRING, LIGHTING, SWITCHES, EMERGENCY/EXIT LIGHTING COMBO AND RECEPTACLE OUTLETS.  INSTALL INTERCONNECTED SMOKE AND CO ALARMS.  INSTALL FIRE ALARM SYSTEM.   ALL WORK TO BE DONE ACCORDING TO THE 2017 NEC, 2016 NFPA 72 AND PER APPROVED PLANS.  ",Issued,Commercial,1008 W ORLEANS ST,19133-1840,5,City Lights electric llc,"City Lights electric llc
2374 Pine rd 
huntingdon valley, PA  19006
USA",,,,T&I DEVELOPMENT LLC,2026-09-14T04:00:00Z,new_construction;commercial_fitout
CP-2026-005510,Building,Commercial Building Permit,Addition and/or Alteration,FO A LEVEL II INTERIOR ALTERATIONS (NO CHANGE IN OCCUPANCY ) TO A PORTION OF AN EXISTING STRUCTURE (SUITE #1330) LOCATED ON THE 13TH FLOOR. ALL WORK TO BE DONE PER APPROVED PLANS.** IF FIELD CONDITIONS VARY CONTACT DESIGN ENGINEER PRIOR TO THE START OF ANY WORK**IEBC 2021**EXISTING BUILDING FULLY SPRINKLERED** SEPARATE PERMITS REQUIRED FOR ALL OTHER WORK**,Issued,Commercial,130 N 18TH ST,19103-2757,5,LAKASH CONSTRUCTORS INC,"LAKASH CONSTRUCTORS INC
921A N BETHLEHEM PK
SUITE R-100
AMBLER, PA  19002
USA",,,,OLS OFFICE PARTNERS L P,2026-09-14T04:00:00Z,commercial_fitout
CP-2026-004799,Building,Commercial Building Permit,Addition and/or Alteration,"FOR LEVEL II EXTERIOR ALTERATION, ENLARGEMENT OF THE EXISTING WINDOW OPENING AND INSTALLATION OF A NEW STOREFRONT
WINDOW ASSEMBLY TO AN EXISTING STRUCTURE. FOR USE AS PREVIOUSLY APPROVED. AS PER APPROVED PLANS.
***************************SEPARATE PERMITS FOR ANY OTHER WORK. **********************************************",Issued,Commercial,20 N 60TH ST,19139-2348,4,Odd One LLC,"Odd One LLC
1253 Sydney Street
Philadelphia, PA  19150
USA",,,,"HALL JACQUELINE, HALL ANTONIO",2026-09-14T04:00:00Z,commercial_fitout
CP-2026-005562,Building,Commercial Building Permit,Addition and/or Alteration,FOR A LEVEL II INTERIOR ALTERATIONS (NO CHANGE IN OCCUPANCY ) TO A PORTION OF AN EXISTIGS TRUCTURE.  FOR RESTROOMS UPGRADE ON THE 33RD FLOOR. ALL WORK TO BE DONE PER APPROVED PLANS.** IF FIELD CONDITIONS VARY CONTACT DESIGN ENGINEER PRIOR TO THE START OF ANY WORK**IEBC 2021**EXISTING BUILDING FULLY SPRINKLERED** SEPARATE PERMITS REQUIRED FOR ALL OTHER WORK**,Issued,Commercial,1600-22 MARKET ST,19103-7240,5,COMMERCIAL CONSTRUCTION INC,"COMMERCIAL CONSTRUCTION INC
1811 BETHLEHEM PK
FLOURTOWN, PA  19031
USA",,,,AREP 1600 MARKET STREET L,2026-09-14T04:00:00Z,commercial_fitout
CP-2026-001073,Building,Commercial Building Permit,New Construction,"NEW CONSTRUCTION OF A THREE-STORY BUILDING WITH BASEMENT AND A PRIVATE ROOF DECK WITH PILOT HOUSES FOR USE AS THREE (3) DWELLING UNITS AS PER APPROVED PLANS. BUILDING TO BE FULLY SPRINKLERED PER NFPA 13. WORK TO INCLUDE UNDERPINNING OF ADJACENT BUILDING TO BE MONITORED BY A PA LICENSED PE AT ALL TIMES. *2018 IBC REVIEW* **SEPARATE PERMITS REQUIRED FOR EXCAVATION, MEP & FIRE SUPPRESSION WORK**",Issued,Commercial,2705 INGRAM ST,19146-3744,2,GVD Construction Group LLC,"GVD Construction Group LLC
411 Boulevard of the Americas
Ste 111
Lakewood, NJ  08701
USA",,,,,2026-09-14T04:00:00Z,pool_deck_fence;new_construction;commercial_fitout
MP-2026-002995,Mechanical,Mechanical / Fuel Gas Permit,Addition and/or Alterations,"FOR THE INSTALLATION OF TWO (2) TYPE 1 COMMERCIAL KITCHEN EXHAUST HOODS WITH ASSOCIATED EXHAUST FANS, MAKEUP AIR SYSTEMS, AND DUCTWORK. ALL WORK TO BE DONE PER APPROVED PLANS AND IN ACCORDANCE WITH 2018 IMC AND MANUFACTURER SPECIFICATIONS. SEPARATE PERMITS TO BE OBTAINED FOR ALL OTHER WORK.",Issued,Commercial,161 W GIRARD AVE,19123-1619,5,TER-PRO LLC,"TER-PRO LLC
73330 TULIP STREET
PHILADELPHIA, PA  19136
USA",,,,"SAIDI MIRWAIS, SAIDI SHARARA",2026-09-14T04:00:00Z,hvac;kitchen_bath;commercial_fitout
CP-2026-005079,Building,Commercial Building Permit,Addition and/or Alteration,"FOR LEVEL II ALTERATIONS TO INCLUDE TO REMOVAL OF FIXTURES, REPLACEMENT OF FIXTURES, NEW PARTITIONS, DOORS, FURNISHINGS, FINISHES AS PER APPROVED PLANS. SEPARATE PERMIT REQUIRED FOR ANY MEP AND FIRE SUPPRESSION WORK. *2021 IEBC* ",Issued,Commercial,201 N 21ST ST,19103,5,C. ERICKSON & SONS LLC,"C. ERICKSON & SONS LLC
2200 Arch Street
Suite 200
Philadelphia, PA  19103
USA",,,,"CITY OF PHILA, FRANKLIN INSTITUTE",2026-09-14T04:00:00Z,commercial_fitout
CP-2026-005239,Building,Commercial Building Permit,Addition and/or Alteration,"FOR LEVEL II ALTERATIONS & CHANGE OF OCCUPANCY TO AN EXISTING TENANT SPACE FOR USE AS A SIT-DOWN RESTAURANT WITH OCCUPANT LOAD LESS THAN 50 (BUSINESS OCCUPANCY), ALTERATIONS TO INCLUDE THE ERECTION OF PARTITION WALLS, PROVIDE FINISHES/FURNISHINGS AND ACCESSIBILITY IMPROVEMENTS THROUGHOUT. ALL WORK TO BE DONE PER APPROVED PLANS. IF FIELD CONDITIONS VARY CONTACT DESIGN ENGINEER PRIOR TO THE START OF ANY WORK. SEPARATE PERMITS TO BE OBTAINED FOR ALL OTHER WORK.",Issued,Commercial,6421 WOODLAND AVE,19142-2037,2,LIBIO MATOS USA REMODELING CONSTRUCTION,"LIBIO MATOS USA REMODELING CONSTRUCTION
2633 KENSINGTON AVENUE
PHILADELPHIA, PA  19125
USA",,,,KOSIAH AYOUBA,2026-09-14T04:00:00Z,commercial_fitout
CP-2026-002112,Building,Commercial Building Permit,New Construction,"NEW CONSTRUCTION OF SITE-BUILT ELEMENTS FOR A MODULAR DETACHED ONE-STORY BUILDING FOR USE AS A PREPARED FOOD SHOP AS PER APPROVED PLANS AND PA DCED APPROVALS. BUILDING NOT REQUIRED TO BE SPRINKLERED. *2018 IBC REVIEW*
**SEPARATE PERMITS REQUIRED FOR SITE ELECTRICAL AND PLUMBING WORK**",Issued,Commercial,7600-98 CITY AVE,19151-2007,4,"NJG Outdoor Management, LLC","NJG Outdoor Management, LLC
5 Kerry Court
Southampton, NJ  08088
USA",,,,CITY LINE SHOPPING ASSOC,2026-09-14T04:00:00Z,new_construction;commercial_fitout
CP-2026-005509,Building,Commercial Building Permit,Addition and/or Alteration,"FOR A LEVEL II INTERIOR ALTERATIONS (NO CHANGE IN OCCUPANCY ) TO A PORTION OF AN EXISTIGS TRUCTURE ( SUIT2#2675).  ALTERATIONS TO INCLUDE SELECTIVE DEMOLITION OF EXOISTING PARTITION AND THE  INSTALLATION OF NEW WALL PARTITIONS, PROVIDE FINISHES AND FURNISHINGS  AS PER APPROVED PLANS. ALL WORK TO BE DONE PER APPROVED PLANS.** IF FIELD CONDITIONS VARY CONTACT DESIGN ENGINEER PRIOR TO THE START OF ANY WORK**IEBC 2021**EXISTING BUILDING FULLY SPRINKLERED** SEPARATE PERMITS REQUIRED FOR ALL OTHER WORK**",Issued,Commercial,130 N 18TH ST,19103-2757,5,LAKASH CONSTRUCTORS INC,"LAKASH CONSTRUCTORS INC
921A N BETHLEHEM PK
SUITE R-100
AMBLER, PA  19002
USA",,,,OLS OFFICE PARTNERS L P,2026-09-14T04:00:00Z,demolition;commercial_fitout
CP-2026-004949,Building,Commercial Building Permit,Addition and/or Alteration,"FOR LEVEL III ALTERATIONS TO AN EXISTING RESIDENTIAL BUILDING. BUILDING SUBJECT TO CHANGE OF OCCUPANCY FROM GROUP R-3 (2 UNITS) TO R-2 (4 UNITS). ALTERATIONS TO INCLUDE THE ERECTION OF PARTITION WALLS, PROVIDE FINISHES/FURNISHINGS AND ACCESSIBILITY IMPROVEMENTS THROUGHOUT.  ALL WORK TO BE DONE PER APPROVED PLANS. IF FIELD CONDITIONS VARY CONTACT DESIGN ENGINEER PRIOR TO THE START OF ANY WORK. SEPARATE PERMITS TO BE OBTAINED FOR ALL OTHER WORK. ** PERMIT INCLUDES WORK TO BE LEGALIZED **",Issued,Commercial,1946 N GRATZ ST,19121-2222,5,Timothy William Lewis,"Timothy William Lewis
4700 City Ave 
Apt 5105
Philadelphia , PA  19131
USA",,,,PABKS PROPERTY LLC,2026-09-13T04:00:00Z,commercial_fitout
CP-2026-005337,Building,Commercial Building Permit,Addition and/or Alteration,"LEVEL II INTERIOR ALTERATIONS (NO CHANGE OF OCCUPANCY) FOR RENOVATIONS TO EXISTING RESTAURANT ON THE FIRST FLOOR OF AN EXISTING BUILDING AS PER APPROVED PLANS. EXISTING BUILDING FULLY SPRINKLERED. *2021 IEBC REVIEW*
**SEPARATE PERMITS REQUIRED FOR ANY MEP OR FIRE SUPPRESSION WORK**",Issued,Commercial,1025 ARCH ST,19107-2307,1,TRENDY CONSTRUCTION INC,"TRENDY CONSTRUCTION INC
1518 N FRANKLIN ST
PHILADELPHIA, PA  19122
USA",,,,800 STREET LLC,2026-09-13T04:00:00Z,commercial_fitout
CP-2025-003172,Building,Commercial Building Permit,New Construction,"NEW CONSTRUCTION OF A FOUR (4) STORY BUILDING WITH CELLAR AND ROOF ACCESS STRUCTURE (NO ROOF DECK) FOR USE AS EIGHTEEN (18) DWELLING UNITS AS PER APPROVED PLANS. BUILDING TO BE FULLY SPRINKLERED PER NFPA 13 & INCLUDE STANDPIPES PER NFPA 14. *2018 IBC REVIEW*
**SEPARATE PERMITS REQUIRED FOR MEP & FIRE SUPPRESSION WORK**",Issued,Commercial,5805 E WISTER ST,19138,8,PASP LLC,"PASP LLC
7929 REVERE ST
PHILADELPHIA, PA  19152
USA",,,,,2026-09-13T04:00:00Z,pool_deck_fence;new_construction;commercial_fitout
ZP-2026-008953,Zoning,Zoning Permit,Change of Use,Vehicle Equipment and Supplies Sales and Rentals,Issued,Commercial,6401 TORRESDALE AVE,19135-3320,6,,,,,,POSH REAL ESTATE MANAGEMENT LLC,2026-09-12T16:43:27Z,commercial_fitout
ZP-2025-010125,Zoning,Zoning Permit,Change of Use,Residential - Household Living - Two-Family,Issued,Residential,2220 DICKINSON ST,19146-4205,2,NAIM PASHA,"NAIM PASHA
",,,,DICKINSON LLC,2026-09-11T23:54:59Z,commercial_fitout
ZP-2026-008307,Zoning,Zoning Permit,Change of Use,Residential - Household Living - Two-Family,Issued,Residential,6228 ALGON AVE,19111-5801,9,,,,,,"DORMOI RICHARD, RIOS CATALINA",2026-09-11T20:13:10Z,commercial_fitout
ZP-2026-009025,Zoning,Zoning Permit,Change of Use,Residential - Household Living - Multi-Family,Issued,Commercial,200-16 W CHELTENHAM AVE,19126-3140,9,"Pritzker Law Group, LLC","Pritzker Law Group, LLC
1501 Locust St
#702
Philadelphia, PA  19102
USA",,,,MELROSE PARK MANOR AC,2026-09-11T16:22:36Z,commercial_fitout
ZP-2026-009117,Zoning,Zoning Permit,Change of Use,Personal Services,Issued,Commercial,1123 RACE ST,19107-1723,1,Meng Xi Zheng,"Meng Xi Zheng
528 FEDERAL ST
PHILADELPHIA, PA  19147
USA",,,,"WANG JAMES, WANG EUGENE",2026-09-11T14:32:25Z,commercial_fitout
ZP-2026-009110,Zoning,Zoning Permit,Change of Use,Residential - Household Living - Two-Family,Issued,Residential,3330 W HAROLD ST,19132-2826,4,Integrated Design Solution Group,"Integrated Design Solution Group
215 Glen Gary Drive
Havertown , PA  19083
USA",,,,STRONG RAHEEM SABIR,2026-09-11T13:25:58Z,commercial_fitout
CP-2026-004669,Building,Commercial Building Permit,Addition and/or Alteration,"FOR LEVEL II ALTERATIONS TO AN EXISTING STRUCTURE. ALTERATIONS TO INCLUDE PARTIAL DEMOLITION AND THE ERECTION OF PARTITION WALLS, INSTALL KITCHEN EQUIPMENT, AND PROVIDE FINISHES/FURNISHINGS AND ACCESSIBILITY IMPROVEMENTS THROUGHOUT.  FOR USE AS PREVIOUSLY APPROVED. ALL WORK TO BE DONE PER APPROVED PLANS. 
***************** SEPARATE PERMITS TO BE OBTAINED FOR ALL OTHER WORK. ****************************************** ",Issued,Commercial,180 W DUNCANNON AVE,19120-3410,8,WCD CONSTRUCTION,"WCD CONSTRUCTION
4506 Bleigh Ave
Philadelphia, PA  19136
USA",,,,EL REALTY LLC,2026-09-11T04:00:00Z,demolition;kitchen_bath;commercial_fitout
CP-2026-004516,Building,Commercial Building Permit,Addition and/or Alteration,"FOR LEVEL II INTERIOR ALTERATIONS TO AN EXISTING STRUCTURE TO INCLUDE PARTIAL DEMOLITION AND THE ERECTION OF PARTITION WALLS, 
PROVIDE FINISHES/FURNISHINGS AND ACCESSIBILITY IMPROVEMENTS THROUGHOUT. FOR CHANGE IN USE AND OCCUPANCY CLASSIFICATION TO MEDICAL, DENTAL, AND HEALTH PRACTITIONER- GROUP MEDICAL, DENTAL, AND HEALTH PRACTITIONER WITHIN UNIT ""C "" AT THE 2ND FLOOR. EXISTING BUILDING IS FULLY SPRINKLERED. ALL WORK TO BE DONE PER APPROVED PLANS AND IN ACCORDANCE WITH 2018 IEBC. SEPARATE PERMITS REQUIRED FOR MECHANICAL, ELECTRICAL, PLUMBING, AND FIRE SUPPRESSION WORK. SEE ZP-2026-000979 FOR ASSOCIATED ZONING APPROVAL OF USE CHANGE.",Issued,Commercial,1122 FRANKFORD AVE,19125-4118,1,BLACKSTONE BUILDING GROUP,"BLACKSTONE BUILDING GROUP
",,,,1120-36 FRANKFORD DRIS LP,2026-09-11T04:00:00Z,demolition;commercial_fitout
CP-2026-002694,Building,Commercial Building Permit,Addition and/or Alteration,FOR THE REPLACEMENT OF SIX(6) GAS FUELING STATION.** ALL WORK TO BE DONE PER APPROVED PLANS.** IF FIELD CONDITIONS VARY CONTACT DESIGN ENGINEER PRIOR TO THE START OF ANY WORK**IEBC 2018**EXISTING BUILDING FULLY SPRINKLERED** SEPARATE PERMITS REQUIRED FOR ALL OTHER WORK**,Issued,Commercial,701 FRANKLIN MILLS CIR,19154-3125,10,FERGUSON & MCCANN INC,"FERGUSON & MCCANN INC
270 BODLEY ROAD
ASTON, PA  19014
USA",,,,SAMS EAST INC,2026-09-11T04:00:00Z,commercial_fitout
CP-2026-004850,Building,Commercial Building Permit,Addition and/or Alteration,FOR THE PARTIAL DEMOLITION OF ONE STORY PORTION OF AN EXISTING BUILDING PER APPROVED PLANS. IF FIELD CONDITIONS VARY CONTACT DESIGN ENGINEER PRIOR TO THE START OF ANY WORK. SEPARATE PERMITS TO BE OBTAINED FOR ALL OTHER WORK. ,Issued,Commercial,1303-09 BUTTONWOOD ST,19123-3609,1,Ricco Construction Corp,"Ricco Construction Corp
282 CREEK ROAD
BELLMAWR, NJ  08031
USA",,,,1303 BUTTONWOOD LLC,2026-09-11T04:00:00Z,demolition;commercial_fitout
CP-2026-003517,Building,Commercial Building Permit,Addition and/or Alteration,"LEVEL II INTERIOR ALTERATIONS (NO CHANGE OF OCCUPANCY) FOR RENOVATIONS TO EXISTING RESTAURANT ON THE GROUND FLOOR OF AN EXISTING TWO-STORY BUILDING AS PER APPROVED PLANS. EXISTING BUILDING NOT REQUIRED TO BE SPRINKLERED. *2018 IEBC REVIEW*
**SEPARATE PERMITS REQUIRED FOR ANY MEP WORK**",Issued,Commercial,6438 RISING SUN AVE,19111-5242,9,properties creations inc,"properties creations inc
1142 HELLERMAN STREET
PHILADELPHIA, PA  19111
USA",,,,"OH RICHARD SAEYOUNG, OH YOUNGRAN",2026-09-11T04:00:00Z,commercial_fitout
CP-2026-003714,Building,Commercial Building Permit,Addition and/or Alteration,"FOR LEVEL II ALTERATIONS TO INCLUDE STRUCTURAL WORK, NEW EXTERIOR WALL OPENINGS, NEW WINDOWS IN EXISTING OPENINGS, ACCESSIBLE TOILET ROOM UPGRADE, NEW PARTITIONS, FIXTURES, FURNIHSING, FINISHES AS PER APPROVED PLANS AND FOR THE ESTABLISHMENT OF UNITY OF USE BETWEEN 1627 & 1629 S 10TH ST FOR USE AS COMMISSARIES AND CATERING WITH TAKE OUT RESTAURANT AND TWO-DWELLING UNITS ABOVE. SEPARATE PERMITS REQUIRED FOR MEP WORK. *2021 IEBC* ",Issued,Commercial,1627 S 10TH ST,19148-1132,1,CARMINE VARALLO GENERAL CONTRACTING,"CARMINE VARALLO GENERAL CONTRACTING
1028 GREENWICH ST
PHILADELPHIA, PA  19147
USA",,,,ESPOSITO JULES,2026-09-11T04:00:00Z,commercial_fitout
CP-2026-005374,Building,Commercial Building Permit,Addition and/or Alteration,"FOR LEVEL II ALTERATIONS TO AN EXISTING STRUCTURE. ALTERATIONS TO INCLUDE THE ERECTION OF PARTITION WALLS, PROVIDE FINISHES/FURNISHINGS AND ACCESSIBILITY IMPROVEMENTS THROUGHOUT.  FOR USE AS PREVIOUSLY APPROVED. ALL WORK TO BE DONE PER APPROVED PLANS AND DOCUMENTATION. 
***************** SEPARATE PERMITS TO BE OBTAINED FOR ALL OTHER WORK. ****************************************** ",Issued,Commercial,2401 WASHINGTON AVE,19146-2437,2,POPLAR CONSTRUCTION LLC,"POPLAR CONSTRUCTION LLC
725 Johns Lane
Ambler, PA  19002
USA",,,,FITLER ESTATES LLC,2026-09-11T04:00:00Z,commercial_fitout
CP-2026-003667,Building,Commercial Building Permit,Commercial Make Safe Permit,"MAKE SAFE PERMIT TO RESOLVE CASE VIOLATION # CF-2026-025859 TO REPAIR DAMAGE CAUSED BY FIRE AS PER THE ENGINEER'S REPORT AND APPROVED ENGINEER PLANS. A SEPARATE PERMIT IS REQUIRED FOR ANY ADDITIONAL ALTERATIONS THAT ARE NOT SPECIFICALLY ADDRESSED ON CASE #CF-2026-025859. “IN ACCORDANCE WITH CODE BULLETIN PM-1801, A PA PROFESSIONAL ENGINEER IS REQUIRED TO MONITOR REPAIRS MADE UNDER THIS PERMIT. THE ENGINEER MUST SUBMIT A SEALED STATEMENT TO THE DEPARTMENT CONFIRMING THAT THE STRUCTURE IS IN SOUND CONDITION AT COMPLETION.”",Issued,Commercial,4721-41 OXFORD AVE,19124-5818,7,Gambrel Estates,"Gambrel Estates
5003 Roosevelt 
philadelphia, PA  19124
USA",,,,NANA'S DAYCARE LLC,2026-09-11T04:00:00Z,commercial_fitout
CP-2026-003153,Building,Commercial Building Permit,Addition and/or Alteration,FOR A FACADE RESTORATION PER PLANS. **WORK TO BE COMPLETED PER APPROVED PLANS**.** IF FIELD CONDITIONS VARY CONTACT DESIGN ENGINEER PRIOR TO THE START OF ANY WORK**IEBC 2018**,Issued,Commercial,511-19 N BROAD ST,19123-3209,1,WATTS RESTORATION CO INC,"WATTS RESTORATION CO INC
1704 Bustleton Pike
Feasterville, PA  19053
USA",,,,,2026-09-11T04:00:00Z,commercial_fitout
